name,beyblade_page_image,blade,blade_image,main_blade,main_blade_image,assist_blade,assist_blade_image,lock_chip,lock_chip_image,ratchet,ratchet_image,ratchet_integrated_bit,ratchet_integrated_bit_image,bit,bit_image
AeroPegasus 3-70A,https://static.wikia.nocookie.net/beyblade/images/4/4e/AeroPegasus_3-70A.jpeg/revision/latest/scale-to-width-down/400?cb=20240712053337,AeroPegasus,https://static.wikia.nocookie.net/beyblade/images/5/58/BladeAeroPegasus.png/revision/latest?cb=20250528202546,n/a,n/a,n/a,n/a,n/a,n/a,3-70,https://static.wikia.nocookie.net/beyblade/images/d/da/Ratchet3-70.png/revision/latest?cb=20240215060619,n/a,n/a,Accel,https://static.wikia.nocookie.net/beyblade/images/8/8e/BitAccel.png/revision/latest?cb=20240215060559
BearScratch 5-60F,https://static.wikia.nocookie.net/beyblade/images/b/b0/BearScratch_5-60F.png/revision/latest/scale-to-width-down/399?cb=20240913030715,BearScratch,https://static.wikia.nocookie.net/beyblade/images/7/7f/Savage_Bear_3-60S.jpg/revision/latest?cb=20241003084229,n/a,n/a,n/a,n/a,n/a,n/a,5-60,https://static.wikia.nocookie.net/beyblade/images/f/f7/Ratchet5-60.png/revision/latest?cb=20230918165846,n/a,n/a,Flat,https://static.wikia.nocookie.net/beyblade/images/b/b0/BitFlat.png/revision/latest?cb=20240913063436
BlackShell 4-60D,https://static.wikia.nocookie.net/beyblade/images/1/13/BlackShell_4-60D.jpg/revision/latest?cb=20240620041008,BlackShell,https://static.wikia.nocookie.net/beyblade/images/3/3c/BladeBlackShell.png/revision/latest?cb=20250528201216,n/a,n/a,n/a,n/a,n/a,n/a,4-60,https://static.wikia.nocookie.net/beyblade/images/4/46/Ratchet4-60.png/revision/latest?cb=20250317055414,n/a,n/a,Dot,https://static.wikia.nocookie.net/beyblade/images/b/b2/BitDot.png/revision/latest?cb=20240614034756
BlackShell 7-70WB,https://static.wikia.nocookie.net/beyblade/images/d/d4/BlackShell_7-70WB.png/revision/latest/scale-to-width-down/400?cb=20250613032012,BlackShell,https://static.wikia.nocookie.net/beyblade/images/3/3c/BladeBlackShell.png/revision/latest?cb=20250528201216,n/a,n/a,n/a,n/a,n/a,n/a,7-70,https://static.wikia.nocookie.net/beyblade/images/3/38/Ratchet7-70.png/revision/latest?cb=20241015043216,n/a,n/a,Wall Ball,https://static.wikia.nocookie.net/beyblade/images/3/38/BitWallBall.png/revision/latest?cb=20250613042119
BlackShell 9-80B,https://static.wikia.nocookie.net/beyblade/images/1/18/BlackShell_9-80B.jpeg/revision/latest?cb=20240624191006,BlackShell,https://static.wikia.nocookie.net/beyblade/images/3/3c/BladeBlackShell.png/revision/latest?cb=20250528201216,n/a,n/a,n/a,n/a,n/a,n/a,9-80,https://static.wikia.nocookie.net/beyblade/images/6/61/Ratchet9-80.png/revision/latest?cb=20240115193705,n/a,n/a,Ball,https://static.wikia.nocookie.net/beyblade/images/8/8c/BitBall.png/revision/latest?cb=20250608045235
CerberusDark W1-60F,https://static.wikia.nocookie.net/beyblade/images/6/6b/CerberusDark_W1-60F.png/revision/latest/scale-to-width-down/400?cb=20250613031930,n/a,n/a,Dark,https://static.wikia.nocookie.net/beyblade/images/e/e0/MainBladeDark.png/revision/latest?cb=20250215050646,Wheel,https://static.wikia.nocookie.net/beyblade/images/3/3d/AssistBladeWheel.png/revision/latest?cb=20250613042109,Cerberus,https://static.wikia.nocookie.net/beyblade/images/b/bd/LockChipCerberus.png/revision/latest?cb=20250613042044,1-60,https://static.wikia.nocookie.net/beyblade/images/3/3a/Ratchet1-60.png/revision/latest?cb=20240215060550,n/a,n/a,Flat,https://static.wikia.nocookie.net/beyblade/images/b/b0/BitFlat.png/revision/latest?cb=20240913063436
CerberusFlame W5-80WB,https://static.wikia.nocookie.net/beyblade/images/3/37/CerberusFlame_W5-80WB.png/revision/latest/scale-to-width-down/393?cb=20250613031910,n/a,n/a,Flame,https://static.wikia.nocookie.net/beyblade/images/9/99/MainBladeFlame.png/revision/latest?cb=20250613042102,Wheel,https://static.wikia.nocookie.net/beyblade/images/3/3d/AssistBladeWheel.png/revision/latest?cb=20250613042109,Cerberus,https://static.wikia.nocookie.net/beyblade/images/b/bd/LockChipCerberus.png/revision/latest?cb=20250613042044,5-80,https://static.wikia.nocookie.net/beyblade/images/4/42/Ratchet5-80.png/revision/latest?cb=20230918165909,n/a,n/a,Wall Ball,https://static.wikia.nocookie.net/beyblade/images/3/38/BitWallBall.png/revision/latest?cb=20250613042119
ClockMirage 9-65B,https://static.wikia.nocookie.net/beyblade/images/c/c3/ClockMirage_9-65B_%28UX-16_01%29.png/revision/latest/scale-to-width-down/400?cb=20250912030624,ClockMirage,https://static.wikia.nocookie.net/beyblade/images/7/7c/BladeClockMirage.png/revision/latest?cb=20250912034434,n/a,n/a,n/a,n/a,n/a,n/a,9-65,https://static.wikia.nocookie.net/beyblade/images/2/25/Ratchet9-65.png/revision/latest?cb=20250912034512,n/a,n/a,Ball,https://static.wikia.nocookie.net/beyblade/images/8/8c/BitBall.png/revision/latest?cb=20250608045235
CobaltDragoon 2-60C,https://static.wikia.nocookie.net/beyblade/images/a/aa/CobaltDragoon_2-60C_Render.jpeg/revision/latest/scale-to-width-down/400?cb=20240613153221,CobaltDragoon,https://static.wikia.nocookie.net/beyblade/images/c/c2/BladeCobaltDragoon.png/revision/latest?cb=20250528202711,n/a,n/a,n/a,n/a,n/a,n/a,2-60,https://static.wikia.nocookie.net/beyblade/images/a/a6/Ratchet2-60.png/revision/latest?cb=20240614034142,n/a,n/a,Cyclone,https://static.wikia.nocookie.net/beyblade/images/f/fb/BitCyclone.png/revision/latest?cb=20240614034151
CobaltDragoon 4-55WB,https://static.wikia.nocookie.net/beyblade/images/b/b3/CobaltDragoon_4-55WB.png/revision/latest/scale-to-width-down/400?cb=20250613032025,CobaltDragoon,https://static.wikia.nocookie.net/beyblade/images/c/c2/BladeCobaltDragoon.png/revision/latest?cb=20250528202711,n/a,n/a,n/a,n/a,n/a,n/a,4-55,https://static.wikia.nocookie.net/beyblade/images/7/7a/Ratchet4-55.png/revision/latest?cb=20250605000210,n/a,n/a,Wall Ball,https://static.wikia.nocookie.net/beyblade/images/3/38/BitWallBall.png/revision/latest?cb=20250613042119
CobaltDragoon 9-60F,https://static.wikia.nocookie.net/beyblade/images/e/e3/CobaltDragoon_9-60F_%28Metal_Coat_White_J.League_Ver.%29.png/revision/latest/scale-to-width-down/399?cb=20260113060054,CobaltDragoon,https://static.wikia.nocookie.net/beyblade/images/c/c2/BladeCobaltDragoon.png/revision/latest?cb=20250528202711,n/a,n/a,n/a,n/a,n/a,n/a,9-60,https://static.wikia.nocookie.net/beyblade/images/a/af/Ratchet9-60.png/revision/latest?cb=20250530201949,n/a,n/a,Flat,https://static.wikia.nocookie.net/beyblade/images/b/b0/BitFlat.png/revision/latest?cb=20240913063436
CobaltDragoon 9-80F,https://static.wikia.nocookie.net/beyblade/images/8/80/CobaltDragoon_9-80F_%28Metal_Coat_Black_Minor_Change_Version%29.png/revision/latest/scale-to-width-down/400?cb=20260115030520,CobaltDragoon,https://static.wikia.nocookie.net/beyblade/images/c/c2/BladeCobaltDragoon.png/revision/latest?cb=20250528202711,n/a,n/a,n/a,n/a,n/a,n/a,9-80,https://static.wikia.nocookie.net/beyblade/images/6/61/Ratchet9-80.png/revision/latest?cb=20240115193705,n/a,n/a,Flat,https://static.wikia.nocookie.net/beyblade/images/b/b0/BitFlat.png/revision/latest?cb=20240913063436
CobaltDrake 4-60F,https://static.wikia.nocookie.net/beyblade/images/5/5a/CobaltDrake_4-60F.jpeg/revision/latest/scale-to-width-down/400?cb=20230912065524,CobaltDrake,https://static.wikia.nocookie.net/beyblade/images/2/2f/BladeCobaltDrake.png/revision/latest?cb=20250528202030,n/a,n/a,n/a,n/a,n/a,n/a,4-60,https://static.wikia.nocookie.net/beyblade/images/4/46/Ratchet4-60.png/revision/latest?cb=20250317055414,n/a,n/a,Flat,https://static.wikia.nocookie.net/beyblade/images/b/b0/BitFlat.png/revision/latest?cb=20240913063436
CobaltDrake 9-60R,https://static.wikia.nocookie.net/beyblade/images/5/5c/CobaltDrake_9-60R.png/revision/latest/scale-to-width-down/400?cb=20250828032943,CobaltDrake,https://static.wikia.nocookie.net/beyblade/images/2/2f/BladeCobaltDrake.png/revision/latest?cb=20250528202030,n/a,n/a,n/a,n/a,n/a,n/a,9-60,https://static.wikia.nocookie.net/beyblade/images/a/af/Ratchet9-60.png/revision/latest?cb=20250530201949,n/a,n/a,Rush,https://static.wikia.nocookie.net/beyblade/images/e/e1/BitRush.png/revision/latest?cb=20231014022216
CrimsonGaruda 4-70TP,https://static.wikia.nocookie.net/beyblade/images/8/82/CrimsonGaruda_4-70TP.png/revision/latest/scale-to-width-down/383?cb=20241015031136,CrimsonGaruda,https://static.wikia.nocookie.net/beyblade/images/6/60/BladeCrimsonGaruda.png/revision/latest?cb=20241015052049,n/a,n/a,n/a,n/a,n/a,n/a,4-70,https://static.wikia.nocookie.net/beyblade/images/1/16/Ratchet4-70.png/revision/latest?cb=20240524163324,n/a,n/a,Trans Point,https://static.wikia.nocookie.net/beyblade/images/d/d0/BitTransPoint.png/revision/latest?cb=20241015052109
CrocCrunch 2-60Q,https://static.wikia.nocookie.net/beyblade/images/2/2d/CrocCrunch_2-60Q.jpg/revision/latest/scale-to-width-down/400?cb=20241217114112,CrocCrunch,https://static.wikia.nocookie.net/beyblade/images/9/97/Bite_Croc_3-60LF.jpeg/revision/latest?cb=20241003085305,n/a,n/a,n/a,n/a,n/a,n/a,2-60,https://static.wikia.nocookie.net/beyblade/images/a/a6/Ratchet2-60.png/revision/latest?cb=20240614034142,n/a,n/a,Quake,https://static.wikia.nocookie.net/beyblade/images/e/ed/BitQuake.png/revision/latest?cb=20240503184404
DracielShield 7-60D,https://static.wikia.nocookie.net/beyblade/images/8/83/DracielShield_7-60D.jpeg/revision/latest/scale-to-width-down/400?cb=20241202032454,DracielShield,https://static.wikia.nocookie.net/beyblade/images/7/79/BladeDracielShield.png/revision/latest?cb=20241202045350,n/a,n/a,n/a,n/a,n/a,n/a,7-60,https://static.wikia.nocookie.net/beyblade/images/3/39/Ratchet7-60.png/revision/latest?cb=20240712055419,n/a,n/a,Dot,https://static.wikia.nocookie.net/beyblade/images/b/b2/BitDot.png/revision/latest?cb=20240614034756
DragoonStorm 4-60RA,https://static.wikia.nocookie.net/beyblade/images/7/7a/DragoonStorm_4-60RA.jpeg/revision/latest/scale-to-width-down/400?cb=20251113160631,DragoonStorm,https://static.wikia.nocookie.net/beyblade/images/c/c4/BladeDragoonStorm.png/revision/latest?cb=20251114045923,n/a,n/a,n/a,n/a,n/a,n/a,4-60,https://static.wikia.nocookie.net/beyblade/images/4/46/Ratchet4-60.png/revision/latest?cb=20250317055414,n/a,n/a,Rubber Accel,https://static.wikia.nocookie.net/beyblade/images/5/5a/BitRubberAccel.png/revision/latest?cb=20241015044738
DranArc S2-70K,https://static.wikia.nocookie.net/beyblade/images/f/f3/DranArc_S2-70K.jpg/revision/latest/scale-to-width-down/400?cb=20250612042041,n/a,n/a,Arc,https://static.wikia.nocookie.net/beyblade/images/f/f5/MainBladeArc.png/revision/latest?cb=20250801190723,Slash,https://static.wikia.nocookie.net/beyblade/images/c/cb/AssistBladeSlash.png/revision/latest?cb=20250215050454,Dran,https://static.wikia.nocookie.net/beyblade/images/6/6c/LockChipDran.png/revision/latest?cb=20250215050437,2-70,https://static.wikia.nocookie.net/beyblade/images/c/cb/Ratchet2-70.png/revision/latest?cb=20241015033717,n/a,n/a,Kick,https://static.wikia.nocookie.net/beyblade/images/4/47/BitKick.png/revision/latest?cb=20250314041641
DranBrave S6-60V,https://static.wikia.nocookie.net/beyblade/images/1/16/DranBrave_S6-60V.png/revision/latest/scale-to-width-down/395?cb=20250215032340,n/a,n/a,Brave,https://static.wikia.nocookie.net/beyblade/images/d/df/MainBladeBrave.png/revision/latest?cb=20250727212836,Slash,https://static.wikia.nocookie.net/beyblade/images/c/cb/AssistBladeSlash.png/revision/latest?cb=20250215050454,Dran,https://static.wikia.nocookie.net/beyblade/images/6/6c/LockChipDran.png/revision/latest?cb=20250215050437,6-60,https://static.wikia.nocookie.net/beyblade/images/5/53/Ratchet6-60.png/revision/latest?cb=20250215050512,n/a,n/a,Vortex,https://static.wikia.nocookie.net/beyblade/images/f/f9/BitVortex.png/revision/latest?cb=20250215050522
DranBuster 1-60A,https://static.wikia.nocookie.net/beyblade/images/9/96/DranBuster_1-60A.jpg/revision/latest/scale-to-width-down/383?cb=20240217024643,DranBuster,https://static.wikia.nocookie.net/beyblade/images/d/db/BladeDranBuster.png/revision/latest?cb=20250528202327,n/a,n/a,n/a,n/a,n/a,n/a,1-60,https://static.wikia.nocookie.net/beyblade/images/3/3a/Ratchet1-60.png/revision/latest?cb=20240215060550,n/a,n/a,Accel,https://static.wikia.nocookie.net/beyblade/images/8/8e/BitAccel.png/revision/latest?cb=20240215060559
DranBuster 2-80Q,https://static.wikia.nocookie.net/beyblade/images/4/43/DranBuster_2-80Q_%28Metal_Coat_Red_Minor_Change_Version%29.png/revision/latest/scale-to-width-down/390?cb=20260115030615,DranBuster,https://static.wikia.nocookie.net/beyblade/images/d/db/BladeDranBuster.png/revision/latest?cb=20250528202327,n/a,n/a,n/a,n/a,n/a,n/a,2-80,https://static.wikia.nocookie.net/beyblade/images/d/dc/Ratchet2-80.png/revision/latest?cb=20240527053613,n/a,n/a,Quake,https://static.wikia.nocookie.net/beyblade/images/e/ed/BitQuake.png/revision/latest?cb=20240503184404
DranBuster 3-70N,https://static.wikia.nocookie.net/beyblade/images/e/e2/DranBuster_3-70N.png/revision/latest?cb=20241028065904,DranBuster,https://static.wikia.nocookie.net/beyblade/images/d/db/BladeDranBuster.png/revision/latest?cb=20250528202327,n/a,n/a,n/a,n/a,n/a,n/a,3-70,https://static.wikia.nocookie.net/beyblade/images/d/da/Ratchet3-70.png/revision/latest?cb=20240215060619,n/a,n/a,Needle,https://static.wikia.nocookie.net/beyblade/images/2/26/BitNeedle.png/revision/latest?cb=20250609060238
DranBuster 5-80MN,https://static.wikia.nocookie.net/beyblade/images/b/b0/DranBuster_5-80MN.png/revision/latest/scale-to-width-down/387?cb=20250613032000,DranBuster,https://static.wikia.nocookie.net/beyblade/images/d/db/BladeDranBuster.png/revision/latest?cb=20250528202327,n/a,n/a,n/a,n/a,n/a,n/a,5-80,https://static.wikia.nocookie.net/beyblade/images/4/42/Ratchet5-80.png/revision/latest?cb=20230918165909,n/a,n/a,Metal Needle,https://static.wikia.nocookie.net/beyblade/images/4/47/BitMetalNeedle.png/revision/latest?cb=20240416003755
DranDagger 2-80GP,https://static.wikia.nocookie.net/beyblade/images/7/78/DranDagger_2-80GP.jpeg/revision/latest/scale-to-width-down/385?cb=20240527180042,DranDagger,https://static.wikia.nocookie.net/beyblade/images/c/c8/BladeDranDagger.png/revision/latest?cb=20250528202141,n/a,n/a,n/a,n/a,n/a,n/a,2-80,https://static.wikia.nocookie.net/beyblade/images/d/dc/Ratchet2-80.png/revision/latest?cb=20240527053613,n/a,n/a,Gear Point,https://static.wikia.nocookie.net/beyblade/images/3/36/BitGearPoint.png/revision/latest?cb=20240115194709
DranDagger 4-60R,https://static.wikia.nocookie.net/beyblade/images/2/25/DranDagger_4-60R.jpeg/revision/latest/scale-to-width-down/384?cb=20240321181845,DranDagger,https://static.wikia.nocookie.net/beyblade/images/c/c8/BladeDranDagger.png/revision/latest?cb=20250528202141,n/a,n/a,n/a,n/a,n/a,n/a,4-60,https://static.wikia.nocookie.net/beyblade/images/4/46/Ratchet4-60.png/revision/latest?cb=20250317055414,n/a,n/a,Rush,https://static.wikia.nocookie.net/beyblade/images/e/e1/BitRush.png/revision/latest?cb=20231014022216
DranDagger 4-70P,https://static.wikia.nocookie.net/beyblade/images/2/22/DranDagger_4-70P.jpeg/revision/latest?cb=20240417121428,DranDagger,https://static.wikia.nocookie.net/beyblade/images/c/c8/BladeDranDagger.png/revision/latest?cb=20250528202141,n/a,n/a,n/a,n/a,n/a,n/a,4-70,https://static.wikia.nocookie.net/beyblade/images/1/16/Ratchet4-70.png/revision/latest?cb=20240524163324,n/a,n/a,Point,https://static.wikia.nocookie.net/beyblade/images/b/bf/BitPoint.png/revision/latest?cb=20230918165854
DranDagger 7-55G,https://static.wikia.nocookie.net/beyblade/images/3/3d/DranDagger_7-55G.png/revision/latest/scale-to-width-down/380?cb=20251114044854,DranDagger,https://static.wikia.nocookie.net/beyblade/images/c/c8/BladeDranDagger.png/revision/latest?cb=20250528202141,n/a,n/a,n/a,n/a,n/a,n/a,7-55,https://static.wikia.nocookie.net/beyblade/images/a/af/Ratchet7-55.png/revision/latest?cb=20251114034152,n/a,n/a,Glide,https://static.wikia.nocookie.net/beyblade/images/d/d5/BitGlide.png/revision/latest?cb=20240712055345
DranDagger 9-60LF,https://static.wikia.nocookie.net/beyblade/images/d/dd/DranDagger_9-60LF.png/revision/latest?cb=20241028070053,DranDagger,https://static.wikia.nocookie.net/beyblade/images/c/c8/BladeDranDagger.png/revision/latest?cb=20250528202141,n/a,n/a,n/a,n/a,n/a,n/a,9-60,https://static.wikia.nocookie.net/beyblade/images/a/af/Ratchet9-60.png/revision/latest?cb=20250530201949,n/a,n/a,Low Flat,https://static.wikia.nocookie.net/beyblade/images/0/0e/BitLowFlat.png/revision/latest?cb=20230812203610
DranSword 1-60V,https://static.wikia.nocookie.net/beyblade/images/7/7a/DranSword_1-60V_%28Metal_Coat_Black_J.League_Ver.%29.png/revision/latest/scale-to-width-down/393?cb=20260113055651,DranSword,https://static.wikia.nocookie.net/beyblade/images/5/5f/BladeDranSword.png/revision/latest?cb=20250814202546,n/a,n/a,n/a,n/a,n/a,n/a,1-60,https://static.wikia.nocookie.net/beyblade/images/3/3a/Ratchet1-60.png/revision/latest?cb=20240215060550,n/a,n/a,Vortex,https://static.wikia.nocookie.net/beyblade/images/f/f9/BitVortex.png/revision/latest?cb=20250215050522
DranSword 3-60F,https://static.wikia.nocookie.net/beyblade/images/6/66/Beyblade_X_-_DranSword_3-60F.png/revision/latest?cb=20250218113155,DranSword,https://static.wikia.nocookie.net/beyblade/images/5/5f/BladeDranSword.png/revision/latest?cb=20250814202546,n/a,n/a,n/a,n/a,n/a,n/a,3-60,https://static.wikia.nocookie.net/beyblade/images/1/1b/Ratchet3-60.png/revision/latest?cb=20240913063429,n/a,n/a,Flat,https://static.wikia.nocookie.net/beyblade/images/b/b0/BitFlat.png/revision/latest?cb=20240913063436
DranSword 3-80B,https://static.wikia.nocookie.net/beyblade/images/2/22/DranSword_3-80B.jpeg/revision/latest/scale-to-width-down/392?cb=20241117065450,DranSword,https://static.wikia.nocookie.net/beyblade/images/5/5f/BladeDranSword.png/revision/latest?cb=20250814202546,n/a,n/a,n/a,n/a,n/a,n/a,3-80,https://static.wikia.nocookie.net/beyblade/images/6/69/Ratchet3-80.png/revision/latest?cb=20250609060206,n/a,n/a,Ball,https://static.wikia.nocookie.net/beyblade/images/8/8c/BitBall.png/revision/latest?cb=20250608045235
DranSword 4-80DB,https://static.wikia.nocookie.net/beyblade/images/c/c7/DranSword_4-80DB.png/revision/latest?cb=20241028065940,DranSword,https://static.wikia.nocookie.net/beyblade/images/5/5f/BladeDranSword.png/revision/latest?cb=20250814202546,n/a,n/a,n/a,n/a,n/a,n/a,4-80,https://static.wikia.nocookie.net/beyblade/images/a/ae/Ratchet4-80.png/revision/latest?cb=20250608045210,n/a,n/a,Disk Ball,https://static.wikia.nocookie.net/beyblade/images/1/10/BitDiskBall.png/revision/latest?cb=20240215060650
DranzerSpiral 3-80T,https://static.wikia.nocookie.net/beyblade/images/1/12/DranzerSpiral_3-80T.jpeg/revision/latest/scale-to-width-down/376?cb=20230607155824,DranzerSpiral,https://static.wikia.nocookie.net/beyblade/images/c/ce/BladeDranzerSpiral.png/revision/latest?cb=20230807194254,n/a,n/a,n/a,n/a,n/a,n/a,3-80,https://static.wikia.nocookie.net/beyblade/images/6/69/Ratchet3-80.png/revision/latest?cb=20250609060206,n/a,n/a,Taper,https://static.wikia.nocookie.net/beyblade/images/a/ad/BitTaper.png/revision/latest?cb=20250317055452
DrigerSlash 4-80P,https://static.wikia.nocookie.net/beyblade/images/c/c0/DrigerSlash_4-80P.jpeg/revision/latest/scale-to-width-down/400?cb=20240324183648,DrigerSlash,https://static.wikia.nocookie.net/beyblade/images/c/c5/BladeDrigerSlash.png/revision/latest?cb=20240322182711,n/a,n/a,n/a,n/a,n/a,n/a,4-80,https://static.wikia.nocookie.net/beyblade/images/a/ae/Ratchet4-80.png/revision/latest?cb=20250608045210,n/a,n/a,Point,https://static.wikia.nocookie.net/beyblade/images/b/bf/BitPoint.png/revision/latest?cb=20230918165854
EmperorMight HOp,https://static.wikia.nocookie.net/beyblade/images/2/2a/EmperorMight_HOp.jpeg/revision/latest/scale-to-width-down/400?cb=20251014150939,n/a,n/a,Might,https://static.wikia.nocookie.net/beyblade/images/0/07/MainBladeMight.png/revision/latest?cb=20251015205128,Heavy,https://static.wikia.nocookie.net/beyblade/images/0/0b/AssistBladeHeavy.png/revision/latest?cb=20251015205145,Emperor,https://static.wikia.nocookie.net/beyblade/images/2/2b/LockChipEmperor.png/revision/latest?cb=20251015205115,n/a,n/a,Operate,https://static.wikia.nocookie.net/beyblade/images/c/c0/RatchetBitOperate.png/revision/latest?cb=20251015205154,n/a,n/a
FoxBrush J0-80DB,https://static.wikia.nocookie.net/beyblade/images/8/86/FoxBrush_J0-80DB.png/revision/latest/scale-to-width-down/390?cb=20250415031922,n/a,n/a,Brush,https://static.wikia.nocookie.net/beyblade/images/e/e7/MainBladeBrush.png/revision/latest?cb=20250415032849,Jaggy,https://static.wikia.nocookie.net/beyblade/images/1/14/AssistBladeJaggy.png/revision/latest?cb=20250415032856,Fox,https://static.wikia.nocookie.net/beyblade/images/6/65/LockChipFox.png/revision/latest?cb=20250415032832,0-80,https://static.wikia.nocookie.net/beyblade/images/a/ac/Ratchet0-80.png/revision/latest?cb=20241115025146,n/a,n/a,Disk Ball,https://static.wikia.nocookie.net/beyblade/images/1/10/BitDiskBall.png/revision/latest?cb=20240215060650
FoxBrush J2-60U,https://static.wikia.nocookie.net/beyblade/images/c/cf/FoxBrush_J2-60U.png/revision/latest/scale-to-width-down/389?cb=20250415031942,n/a,n/a,Brush,https://static.wikia.nocookie.net/beyblade/images/e/e7/MainBladeBrush.png/revision/latest?cb=20250415032849,Jaggy,https://static.wikia.nocookie.net/beyblade/images/1/14/AssistBladeJaggy.png/revision/latest?cb=20250415032856,Fox,https://static.wikia.nocookie.net/beyblade/images/6/65/LockChipFox.png/revision/latest?cb=20250415032832,2-60,https://static.wikia.nocookie.net/beyblade/images/a/a6/Ratchet2-60.png/revision/latest?cb=20240614034142,n/a,n/a,Unite,https://static.wikia.nocookie.net/beyblade/images/a/a0/BitUnite.png/revision/latest?cb=20240515052315
FoxBrush J9-70GR,https://static.wikia.nocookie.net/beyblade/images/e/e3/FoxBrush_J9-70GR.png/revision/latest/scale-to-width-down/389?cb=20250415031908,n/a,n/a,Brush,https://static.wikia.nocookie.net/beyblade/images/e/e7/MainBladeBrush.png/revision/latest?cb=20250415032849,Jaggy,https://static.wikia.nocookie.net/beyblade/images/1/14/AssistBladeJaggy.png/revision/latest?cb=20250415032856,Fox,https://static.wikia.nocookie.net/beyblade/images/6/65/LockChipFox.png/revision/latest?cb=20250415032832,9-70,https://static.wikia.nocookie.net/beyblade/images/8/86/Ratchet9-70.png/revision/latest?cb=20240712055351,n/a,n/a,Gear Rush,https://static.wikia.nocookie.net/beyblade/images/5/58/BitGearRush.png/revision/latest?cb=20250415032926
GhostCircle 0-80GB,https://static.wikia.nocookie.net/beyblade/images/e/ec/GhostCircle_0-80GB.jpeg/revision/latest/scale-to-width-down/400?cb=20250815161151,GhostCircle,https://static.wikia.nocookie.net/beyblade/images/7/7a/BladeGhostCircle.png/revision/latest?cb=20241115025132,n/a,n/a,n/a,n/a,n/a,n/a,0-80,https://static.wikia.nocookie.net/beyblade/images/a/ac/Ratchet0-80.png/revision/latest?cb=20241115025146,n/a,n/a,Gear Ball,https://static.wikia.nocookie.net/beyblade/images/9/97/BitGearBall.png/revision/latest?cb=20231115091947
GhostCircle 4-60H,https://static.wikia.nocookie.net/beyblade/images/9/9c/GhostCircle_4-60H.png/revision/latest/scale-to-width-down/400?cb=20241115031205,GhostCircle,https://static.wikia.nocookie.net/beyblade/images/7/7a/BladeGhostCircle.png/revision/latest?cb=20241115025132,n/a,n/a,n/a,n/a,n/a,n/a,4-60,https://static.wikia.nocookie.net/beyblade/images/4/46/Ratchet4-60.png/revision/latest?cb=20250317055414,n/a,n/a,Hexa,https://static.wikia.nocookie.net/beyblade/images/8/8c/BitHexa.png/revision/latest?cb=20240215060626
GoatTackle 7-70T,https://static.wikia.nocookie.net/beyblade/images/5/5f/GoatTackle_7-70T.png/revision/latest/scale-to-width-down/400?cb=20250828032957,GoatTackle,https://static.wikia.nocookie.net/beyblade/images/c/cd/Tackle_Goat_2-70N.jpeg/revision/latest?cb=20250815160707,n/a,n/a,n/a,n/a,n/a,n/a,7-70,https://static.wikia.nocookie.net/beyblade/images/3/38/Ratchet7-70.png/revision/latest?cb=20241015043216,n/a,n/a,Taper,https://static.wikia.nocookie.net/beyblade/images/a/ad/BitTaper.png/revision/latest?cb=20250317055452
GolemRock 1-60UN,https://static.wikia.nocookie.net/beyblade/images/d/d1/GolemRock_1-60UN.jpeg/revision/latest/scale-to-width-down/400?cb=20250114150608,GolemRock,https://static.wikia.nocookie.net/beyblade/images/2/27/BladeGolemRock.png/revision/latest?cb=20250115052241,n/a,n/a,n/a,n/a,n/a,n/a,1-60,https://static.wikia.nocookie.net/beyblade/images/3/3a/Ratchet1-60.png/revision/latest?cb=20240215060550,n/a,n/a,Under Needle,https://static.wikia.nocookie.net/beyblade/images/1/16/BitUnderNeedle.png/revision/latest?cb=20250115052342
GolemRock M-85HN,https://static.wikia.nocookie.net/beyblade/images/e/e9/GolemRock_M-85HN.jpeg/revision/latest/scale-to-width-down/400?cb=20260128031124,GolemRock,https://static.wikia.nocookie.net/beyblade/images/2/27/BladeGolemRock.png/revision/latest?cb=20250115052241,n/a,n/a,n/a,n/a,n/a,n/a,M-85,https://static.wikia.nocookie.net/beyblade/images/7/79/RatchetM-85.png/revision/latest?cb=20250515033258,n/a,n/a,High Needle,https://static.wikia.nocookie.net/beyblade/images/2/2f/BitHighNeedle.png/revision/latest?cb=20230808063846
HellsArc T3-85O,https://static.wikia.nocookie.net/beyblade/images/d/d8/HellsArc_T3-85O.png/revision/latest/scale-to-width-down/400?cb=20250314031328,n/a,n/a,Arc,https://static.wikia.nocookie.net/beyblade/images/f/f5/MainBladeArc.png/revision/latest?cb=20250801190723,Turn,https://static.wikia.nocookie.net/beyblade/images/2/2c/AssistBladeTurn.png/revision/latest?cb=20250314041629,Hells,https://static.wikia.nocookie.net/beyblade/images/7/7a/LockChipHells.png/revision/latest?cb=20250314041513,3-85,https://static.wikia.nocookie.net/beyblade/images/b/b8/Ratchet3-85.png/revision/latest?cb=20260202220915,n/a,n/a,Orb,https://static.wikia.nocookie.net/beyblade/images/1/17/BitOrb.png/revision/latest?cb=20230918165916
HellsBrave J3-60GF,https://static.wikia.nocookie.net/beyblade/images/1/12/HellsBrave_J3-60GF.png/revision/latest/scale-to-width-down/393?cb=20250715030419,n/a,n/a,Brave,https://static.wikia.nocookie.net/beyblade/images/d/df/MainBladeBrave.png/revision/latest?cb=20250727212836,Jaggy,https://static.wikia.nocookie.net/beyblade/images/1/14/AssistBladeJaggy.png/revision/latest?cb=20250415032856,Hells,https://static.wikia.nocookie.net/beyblade/images/7/7a/LockChipHells.png/revision/latest?cb=20250314041513,3-60,https://static.wikia.nocookie.net/beyblade/images/1/1b/Ratchet3-60.png/revision/latest?cb=20240913063429,n/a,n/a,Gear Flat,https://static.wikia.nocookie.net/beyblade/images/b/bd/BitGearFlat.png/revision/latest?cb=20231115091943
HellsChain 5-60HT,https://static.wikia.nocookie.net/beyblade/images/d/d1/HellsChain_5-60HT.jpeg/revision/latest/scale-to-width-down/400?cb=20250815161204,HellsChain,https://static.wikia.nocookie.net/beyblade/images/8/83/BladeHellsChain.png/revision/latest?cb=20250528203625,n/a,n/a,n/a,n/a,n/a,n/a,5-60,https://static.wikia.nocookie.net/beyblade/images/f/f7/Ratchet5-60.png/revision/latest?cb=20230918165846,n/a,n/a,High Taper,https://static.wikia.nocookie.net/beyblade/images/b/b5/BitHighTaper.png/revision/latest?cb=20231014024512
HellsChain 9-80O,https://static.wikia.nocookie.net/beyblade/images/8/86/HellsChain_9-80O.jpeg/revision/latest?cb=20240417121607,HellsChain,https://static.wikia.nocookie.net/beyblade/images/8/83/BladeHellsChain.png/revision/latest?cb=20250528203625,n/a,n/a,n/a,n/a,n/a,n/a,9-80,https://static.wikia.nocookie.net/beyblade/images/6/61/Ratchet9-80.png/revision/latest?cb=20240115193705,n/a,n/a,Orb,https://static.wikia.nocookie.net/beyblade/images/1/17/BitOrb.png/revision/latest?cb=20230918165916
HellsHammer 3-70H,https://static.wikia.nocookie.net/beyblade/images/3/3b/HellsHammer_3-70H.jpg/revision/latest/scale-to-width-down/400?cb=20240217040728,HellsHammer,https://static.wikia.nocookie.net/beyblade/images/6/67/BladeHellsHammer.png/revision/latest?cb=20240215060611,n/a,n/a,n/a,n/a,n/a,n/a,3-70,https://static.wikia.nocookie.net/beyblade/images/d/da/Ratchet3-70.png/revision/latest?cb=20240215060619,n/a,n/a,Hexa,https://static.wikia.nocookie.net/beyblade/images/8/8c/BitHexa.png/revision/latest?cb=20240215060626
HellsReaper T4-70K,https://static.wikia.nocookie.net/beyblade/images/b/b1/HellsReaper_T4-70K.png/revision/latest/scale-to-width-down/400?cb=20250314031259,n/a,n/a,Reaper,https://static.wikia.nocookie.net/beyblade/images/a/a4/MainBladeReaper.png/revision/latest?cb=20250314041624,Turn,https://static.wikia.nocookie.net/beyblade/images/2/2c/AssistBladeTurn.png/revision/latest?cb=20250314041629,Hells,https://static.wikia.nocookie.net/beyblade/images/7/7a/LockChipHells.png/revision/latest?cb=20250314041513,4-70,https://static.wikia.nocookie.net/beyblade/images/1/16/Ratchet4-70.png/revision/latest?cb=20240524163324,n/a,n/a,Kick,https://static.wikia.nocookie.net/beyblade/images/4/47/BitKick.png/revision/latest?cb=20250314041641
HellsScythe 3-80B,https://static.wikia.nocookie.net/beyblade/images/a/ab/HellsScythe_3-80B.jpeg/revision/latest/scale-to-width-down/400?cb=20230517053006,HellsScythe,https://static.wikia.nocookie.net/beyblade/images/e/e4/BladeHellsScythe.png/revision/latest?cb=20250817035337,n/a,n/a,n/a,n/a,n/a,n/a,3-80,https://static.wikia.nocookie.net/beyblade/images/6/69/Ratchet3-80.png/revision/latest?cb=20250609060206,n/a,n/a,Ball,https://static.wikia.nocookie.net/beyblade/images/8/8c/BitBall.png/revision/latest?cb=20250608045235
HellsScythe 3-80F,https://static.wikia.nocookie.net/beyblade/images/2/2c/HellsScythe_3-80F.jpg/revision/latest?cb=20231215053903,HellsScythe,https://static.wikia.nocookie.net/beyblade/images/e/e4/BladeHellsScythe.png/revision/latest?cb=20250817035337,n/a,n/a,n/a,n/a,n/a,n/a,3-80,https://static.wikia.nocookie.net/beyblade/images/6/69/Ratchet3-80.png/revision/latest?cb=20250609060206,n/a,n/a,Flat,https://static.wikia.nocookie.net/beyblade/images/b/b0/BitFlat.png/revision/latest?cb=20240913063436
HellsScythe 3-85GB,https://static.wikia.nocookie.net/beyblade/images/4/43/HellsScythe_3-85GB_%28Metal_Coat_Gold_Minor_Change_Version%29.png/revision/latest/scale-to-width-down/400?cb=20260115030602,HellsScythe,https://static.wikia.nocookie.net/beyblade/images/e/e4/BladeHellsScythe.png/revision/latest?cb=20250817035337,n/a,n/a,n/a,n/a,n/a,n/a,3-85,https://static.wikia.nocookie.net/beyblade/images/b/b8/Ratchet3-85.png/revision/latest?cb=20260202220915,n/a,n/a,Gear Ball,https://static.wikia.nocookie.net/beyblade/images/9/97/BitGearBall.png/revision/latest?cb=20231115091947
HellsScythe 4-60T,https://static.wikia.nocookie.net/beyblade/images/1/1a/HellsScythe_4-60T.jpeg/revision/latest/scale-to-width-down/400?cb=20230517044323,HellsScythe,https://static.wikia.nocookie.net/beyblade/images/e/e4/BladeHellsScythe.png/revision/latest?cb=20250817035337,n/a,n/a,n/a,n/a,n/a,n/a,4-60,https://static.wikia.nocookie.net/beyblade/images/4/46/Ratchet4-60.png/revision/latest?cb=20250317055414,n/a,n/a,Taper,https://static.wikia.nocookie.net/beyblade/images/a/ad/BitTaper.png/revision/latest?cb=20250317055452
HellsScythe 4-80LF,https://static.wikia.nocookie.net/beyblade/images/0/08/HellsScythe_4-80LF.png/revision/latest?cb=20230812090350,HellsScythe,https://static.wikia.nocookie.net/beyblade/images/e/e4/BladeHellsScythe.png/revision/latest?cb=20250817035337,n/a,n/a,n/a,n/a,n/a,n/a,4-80,https://static.wikia.nocookie.net/beyblade/images/a/ae/Ratchet4-80.png/revision/latest?cb=20250608045210,n/a,n/a,Low Flat,https://static.wikia.nocookie.net/beyblade/images/0/0e/BitLowFlat.png/revision/latest?cb=20230812203610
ImpactDrake 9-60LR,https://static.wikia.nocookie.net/beyblade/images/2/27/ImpactDrake_9-60LR.jpg/revision/latest/scale-to-width-down/400?cb=20241115004630,ImpactDrake,https://static.wikia.nocookie.net/beyblade/images/b/b1/BladeImpactDrake.png/revision/latest?cb=20241115024018,n/a,n/a,n/a,n/a,n/a,n/a,9-60,https://static.wikia.nocookie.net/beyblade/images/a/af/Ratchet9-60.png/revision/latest?cb=20250530201949,n/a,n/a,Low Rush,https://static.wikia.nocookie.net/beyblade/images/3/36/BitLowRush.png/revision/latest?cb=20241115024042
KnightLance 3-60LF,https://static.wikia.nocookie.net/beyblade/images/b/bf/KnightLance_3-60LF.jpeg/revision/latest/scale-to-width-down/400?cb=20250820035347,KnightLance,https://static.wikia.nocookie.net/beyblade/images/c/cb/BladeKnightLance.png/revision/latest?cb=20230808063816,n/a,n/a,n/a,n/a,n/a,n/a,3-60,https://static.wikia.nocookie.net/beyblade/images/1/1b/Ratchet3-60.png/revision/latest?cb=20240913063429,n/a,n/a,Low Flat,https://static.wikia.nocookie.net/beyblade/images/0/0e/BitLowFlat.png/revision/latest?cb=20230812203610
KnightLance 4-60GB,https://static.wikia.nocookie.net/beyblade/images/d/d7/KnightLance_4-60GB.jpeg/revision/latest?cb=20231213161318,KnightLance,https://static.wikia.nocookie.net/beyblade/images/c/cb/BladeKnightLance.png/revision/latest?cb=20230808063816,n/a,n/a,n/a,n/a,n/a,n/a,4-60,https://static.wikia.nocookie.net/beyblade/images/4/46/Ratchet4-60.png/revision/latest?cb=20250317055414,n/a,n/a,Gear Ball,https://static.wikia.nocookie.net/beyblade/images/9/97/BitGearBall.png/revision/latest?cb=20231115091947
KnightLance 4-80HN,https://static.wikia.nocookie.net/beyblade/images/d/db/KnightLance_4-80HN.jpeg/revision/latest/scale-to-width-down/400?cb=20230713173320,KnightLance,https://static.wikia.nocookie.net/beyblade/images/c/cb/BladeKnightLance.png/revision/latest?cb=20230808063816,n/a,n/a,n/a,n/a,n/a,n/a,4-80,https://static.wikia.nocookie.net/beyblade/images/a/ae/Ratchet4-80.png/revision/latest?cb=20250608045210,n/a,n/a,High Needle,https://static.wikia.nocookie.net/beyblade/images/2/2f/BitHighNeedle.png/revision/latest?cb=20230808063846
KnightMail 3-85BS,https://static.wikia.nocookie.net/beyblade/images/d/d7/KnightMail_3-85BS.jpeg/revision/latest/scale-to-width-down/400?cb=20251003191826,KnightMail,https://static.wikia.nocookie.net/beyblade/images/f/fc/BladeKnightMail.png/revision/latest?cb=20241015034144,n/a,n/a,n/a,n/a,n/a,n/a,3-85,https://static.wikia.nocookie.net/beyblade/images/b/b8/Ratchet3-85.png/revision/latest?cb=20260202220915,n/a,n/a,Bound Spike,https://static.wikia.nocookie.net/beyblade/images/8/88/BitBoundSpike.png/revision/latest?cb=20241015034935
KnightShield 3-80N,https://static.wikia.nocookie.net/beyblade/images/a/ac/KnightShield_3-80N.jpeg/revision/latest/scale-to-width-down/400?cb=20230517045417,KnightShield,https://static.wikia.nocookie.net/beyblade/images/9/9c/BladeKnightShield.png/revision/latest?cb=20250609060142,n/a,n/a,n/a,n/a,n/a,n/a,3-80,https://static.wikia.nocookie.net/beyblade/images/6/69/Ratchet3-80.png/revision/latest?cb=20250609060206,n/a,n/a,Needle,https://static.wikia.nocookie.net/beyblade/images/2/26/BitNeedle.png/revision/latest?cb=20250609060238
KnightShield 4-60LF,https://static.wikia.nocookie.net/beyblade/images/3/3c/KnightShield_4-60LF.png/revision/latest?cb=20230812090403,KnightShield,https://static.wikia.nocookie.net/beyblade/images/9/9c/BladeKnightShield.png/revision/latest?cb=20250609060142,n/a,n/a,n/a,n/a,n/a,n/a,4-60,https://static.wikia.nocookie.net/beyblade/images/4/46/Ratchet4-60.png/revision/latest?cb=20250317055414,n/a,n/a,Low Flat,https://static.wikia.nocookie.net/beyblade/images/0/0e/BitLowFlat.png/revision/latest?cb=20230812203610
KnightShield 4-80T,https://static.wikia.nocookie.net/beyblade/images/7/73/KnightShield_4-80T.jpeg/revision/latest/scale-to-width-down/400?cb=20230517053121,KnightShield,https://static.wikia.nocookie.net/beyblade/images/9/9c/BladeKnightShield.png/revision/latest?cb=20250609060142,n/a,n/a,n/a,n/a,n/a,n/a,4-80,https://static.wikia.nocookie.net/beyblade/images/a/ae/Ratchet4-80.png/revision/latest?cb=20250608045210,n/a,n/a,Taper,https://static.wikia.nocookie.net/beyblade/images/a/ad/BitTaper.png/revision/latest?cb=20250317055452
KnightShield 5-80T,https://static.wikia.nocookie.net/beyblade/images/e/e5/KnightShield_5-80T.jpeg/revision/latest?cb=20231013161128,KnightShield,https://static.wikia.nocookie.net/beyblade/images/9/9c/BladeKnightShield.png/revision/latest?cb=20250609060142,n/a,n/a,n/a,n/a,n/a,n/a,5-80,https://static.wikia.nocookie.net/beyblade/images/4/42/Ratchet5-80.png/revision/latest?cb=20230918165909,n/a,n/a,Taper,https://static.wikia.nocookie.net/beyblade/images/a/ad/BitTaper.png/revision/latest?cb=20250317055452
LeonClaw 0-80E,https://static.wikia.nocookie.net/beyblade/images/e/e4/LeonClaw_0-80E.png/revision/latest/scale-to-width-down/400?cb=20241115031231,LeonClaw,https://static.wikia.nocookie.net/beyblade/images/9/93/BladeLeonClaw.png/revision/latest?cb=20230918165658,n/a,n/a,n/a,n/a,n/a,n/a,0-80,https://static.wikia.nocookie.net/beyblade/images/a/ac/Ratchet0-80.png/revision/latest?cb=20241115025146,n/a,n/a,Elevate,https://static.wikia.nocookie.net/beyblade/images/3/38/BitElevate.png/revision/latest?cb=20240812022551
LeonClaw 3-80HN,https://static.wikia.nocookie.net/beyblade/images/c/c0/LeonClaw_3-80HN.jpeg/revision/latest?cb=20231213161520,LeonClaw,https://static.wikia.nocookie.net/beyblade/images/9/93/BladeLeonClaw.png/revision/latest?cb=20230918165658,n/a,n/a,n/a,n/a,n/a,n/a,3-80,https://static.wikia.nocookie.net/beyblade/images/6/69/Ratchet3-80.png/revision/latest?cb=20250609060206,n/a,n/a,High Needle,https://static.wikia.nocookie.net/beyblade/images/2/2f/BitHighNeedle.png/revision/latest?cb=20230808063846
LeonClaw 5-60P,https://static.wikia.nocookie.net/beyblade/images/f/f4/LeonClaw_5-60P.jpeg/revision/latest/scale-to-width-down/400?cb=20230914033817,LeonClaw,https://static.wikia.nocookie.net/beyblade/images/9/93/BladeLeonClaw.png/revision/latest?cb=20230918165658,n/a,n/a,n/a,n/a,n/a,n/a,5-60,https://static.wikia.nocookie.net/beyblade/images/f/f7/Ratchet5-60.png/revision/latest?cb=20230918165846,n/a,n/a,Point,https://static.wikia.nocookie.net/beyblade/images/b/bf/BitPoint.png/revision/latest?cb=20230918165854
LeonCrest 7-60GN,https://static.wikia.nocookie.net/beyblade/images/4/46/LeonCrest_7-60GN.jpeg/revision/latest/scale-to-width-down/400?cb=20240711160437,LeonCrest,https://static.wikia.nocookie.net/beyblade/images/c/c7/BladeLeonCrest.png/revision/latest?cb=20240712055426,n/a,n/a,n/a,n/a,n/a,n/a,7-60,https://static.wikia.nocookie.net/beyblade/images/3/39/Ratchet7-60.png/revision/latest?cb=20240712055419,n/a,n/a,Gear Needle,https://static.wikia.nocookie.net/beyblade/images/9/9d/BitGearNeedle.png/revision/latest?cb=20240116063659
LeonCrest 9-80K,https://static.wikia.nocookie.net/beyblade/images/e/e6/LeonCrest_9-80K.png/revision/latest/scale-to-width-down/398?cb=20250314031342,LeonCrest,https://static.wikia.nocookie.net/beyblade/images/c/c7/BladeLeonCrest.png/revision/latest?cb=20240712055426,n/a,n/a,n/a,n/a,n/a,n/a,9-80,https://static.wikia.nocookie.net/beyblade/images/6/61/Ratchet9-80.png/revision/latest?cb=20240115193705,n/a,n/a,Kick,https://static.wikia.nocookie.net/beyblade/images/4/47/BitKick.png/revision/latest?cb=20250314041641
LeonFang T4-60A,https://static.wikia.nocookie.net/beyblade/images/0/04/LeonFang_T4-60A.jpg/revision/latest/scale-to-width-down/399?cb=20250517112018,n/a,n/a,Fang,https://static.wikia.nocookie.net/beyblade/images/a/ae/MainBladeFang.png/revision/latest?cb=20250515031203,Turn,https://static.wikia.nocookie.net/beyblade/images/2/2c/AssistBladeTurn.png/revision/latest?cb=20250314041629,Leon,https://static.wikia.nocookie.net/beyblade/images/1/1a/LockChipLeon.png/revision/latest?cb=20250515031153,4-60,https://static.wikia.nocookie.net/beyblade/images/4/46/Ratchet4-60.png/revision/latest?cb=20250317055414,n/a,n/a,Accel,https://static.wikia.nocookie.net/beyblade/images/8/8e/BitAccel.png/revision/latest?cb=20240215060559
Lightning L-Drago 1-60F (Rapid-Hit Type),https://static.wikia.nocookie.net/beyblade/images/e/e6/Lightning_L-Drago_1-60F_%28Rapid-Hit_Type%29.jpeg/revision/latest/scale-to-width-down/400?cb=20240809014119,Lightning L-Drago (Rapid-Hit Type),https://static.wikia.nocookie.net/beyblade/images/5/5b/BladeLightningL-Drago%28Rapid-HitType%29.png/revision/latest?cb=20240809163229,n/a,n/a,n/a,n/a,n/a,n/a,1-60,https://static.wikia.nocookie.net/beyblade/images/3/3a/Ratchet1-60.png/revision/latest?cb=20240215060550,n/a,n/a,Flat,https://static.wikia.nocookie.net/beyblade/images/b/b0/BitFlat.png/revision/latest?cb=20240913063436
Lightning L-Drago 1-60F (Upper Type),https://static.wikia.nocookie.net/beyblade/images/5/59/Lightning_L-Drago_1-60F_%28Upper_Type%29.jpeg/revision/latest/scale-to-width-down/400?cb=20240809014104,Lightning L-Drago (Upper Type),https://static.wikia.nocookie.net/beyblade/images/d/d0/BladeLightningL-Drago%28UpperType%29.png/revision/latest?cb=20240809163223,n/a,n/a,n/a,n/a,n/a,n/a,1-60,https://static.wikia.nocookie.net/beyblade/images/3/3a/Ratchet1-60.png/revision/latest?cb=20240215060550,n/a,n/a,Flat,https://static.wikia.nocookie.net/beyblade/images/b/b0/BitFlat.png/revision/latest?cb=20240913063436
MammothTusk 2-80E,https://static.wikia.nocookie.net/beyblade/images/9/9c/MammothTusk_2-80E.png/revision/latest/scale-to-width-down/400?cb=20241115015002,MammothTusk,https://static.wikia.nocookie.net/beyblade/images/e/e2/Tusk_Mammoth_3-60T.jpeg/revision/latest?cb=20240321181854,n/a,n/a,n/a,n/a,n/a,n/a,2-80,https://static.wikia.nocookie.net/beyblade/images/d/dc/Ratchet2-80.png/revision/latest?cb=20240527053613,n/a,n/a,Elevate,https://static.wikia.nocookie.net/beyblade/images/3/38/BitElevate.png/revision/latest?cb=20240812022551
MammothTusk 7-60S,https://static.wikia.nocookie.net/beyblade/images/5/5c/MammothTusk_7-60S_%28Metal_Coat_Black_Minor_Change_Version%29.png/revision/latest/scale-to-width-down/400?cb=20260115030546,MammothTusk,https://static.wikia.nocookie.net/beyblade/images/e/e2/Tusk_Mammoth_3-60T.jpeg/revision/latest?cb=20240321181854,n/a,n/a,n/a,n/a,n/a,n/a,7-60,https://static.wikia.nocookie.net/beyblade/images/3/39/Ratchet7-60.png/revision/latest?cb=20240712055419,n/a,n/a,Spike,https://static.wikia.nocookie.net/beyblade/images/7/7d/BitSpike.png/revision/latest?cb=20231014012757
MeteorDragoon 3-70J,https://static.wikia.nocookie.net/beyblade/images/3/3c/MeteorDragoon_3-70J.png/revision/latest/scale-to-width-down/386?cb=20251114044721,MeteorDragoon,https://static.wikia.nocookie.net/beyblade/images/b/b7/BladeMeteorDragoon.png/revision/latest?cb=20251114032400,n/a,n/a,n/a,n/a,n/a,n/a,3-70,https://static.wikia.nocookie.net/beyblade/images/d/da/Ratchet3-70.png/revision/latest?cb=20240215060619,n/a,n/a,Jolt,https://static.wikia.nocookie.net/beyblade/images/1/10/BitJolt.png/revision/latest?cb=20251114032437
MummyCurse 4-60C,https://static.wikia.nocookie.net/beyblade/images/3/35/MummyCurse_4-60C.png/revision/latest/scale-to-width-down/400?cb=20251114044819,MummyCurse,https://static.wikia.nocookie.net/beyblade/images/a/ab/BladeMummyCurse.png/revision/latest?cb=20251114034130,n/a,n/a,n/a,n/a,n/a,n/a,4-60,https://static.wikia.nocookie.net/beyblade/images/4/46/Ratchet4-60.png/revision/latest?cb=20250317055414,n/a,n/a,Cyclone,https://static.wikia.nocookie.net/beyblade/images/f/fb/BitCyclone.png/revision/latest?cb=20240614034151
MummyCurse 7-55W,https://static.wikia.nocookie.net/beyblade/images/8/87/MummyCurse_7-55W.png/revision/latest/scale-to-width-down/400?cb=20251114044754,MummyCurse,https://static.wikia.nocookie.net/beyblade/images/a/ab/BladeMummyCurse.png/revision/latest?cb=20251114034130,n/a,n/a,n/a,n/a,n/a,n/a,7-55,https://static.wikia.nocookie.net/beyblade/images/a/af/Ratchet7-55.png/revision/latest?cb=20251114034152,n/a,n/a,Wedge,https://static.wikia.nocookie.net/beyblade/images/2/29/BitWedge.png/revision/latest?cb=20250215050716
OrochiCluster 6-60LF,https://static.wikia.nocookie.net/beyblade/images/f/f8/OrochiCluster_6-60LF.jpg/revision/latest/scale-to-width-down/400?cb=20251113104830,OrochiCluster,https://static.wikia.nocookie.net/beyblade/images/d/d0/BladeOrochiCluster.png/revision/latest?cb=20260121134642,n/a,n/a,n/a,n/a,n/a,n/a,6-60,https://static.wikia.nocookie.net/beyblade/images/5/53/Ratchet6-60.png/revision/latest?cb=20250215050512,n/a,n/a,Low Flat,https://static.wikia.nocookie.net/beyblade/images/0/0e/BitLowFlat.png/revision/latest?cb=20230812203610
PegasusBlast ATr,https://static.wikia.nocookie.net/beyblade/images/5/52/PegasusBlast_ATr.png/revision/latest/scale-to-width-down/400?cb=20250613031738,n/a,n/a,Blast,https://static.wikia.nocookie.net/beyblade/images/5/5f/MainBladeBlast.png/revision/latest?cb=20250613042021,Assault,https://static.wikia.nocookie.net/beyblade/images/2/24/AssistBladeAssault.png/revision/latest?cb=20250613042027,Pegasus,https://static.wikia.nocookie.net/beyblade/images/8/86/LockChipPegasus.png/revision/latest?cb=20250613042010,n/a,n/a,Turbo,https://static.wikia.nocookie.net/beyblade/images/c/cf/RatchetBitTurbo.png/revision/latest?cb=20250613042038,n/a,n/a
PegasusBrush M3-85W,https://static.wikia.nocookie.net/beyblade/images/d/da/PegasusBrush_M3-85W.png/revision/latest/scale-to-width-down/390?cb=20251114044829,n/a,n/a,Brush,https://static.wikia.nocookie.net/beyblade/images/e/e7/MainBladeBrush.png/revision/latest?cb=20250415032849,Massive,https://static.wikia.nocookie.net/beyblade/images/2/23/AssistBladeMassive.png/revision/latest?cb=20250613042947,Pegasus,https://static.wikia.nocookie.net/beyblade/images/8/86/LockChipPegasus.png/revision/latest?cb=20250613042010,3-85,https://static.wikia.nocookie.net/beyblade/images/b/b8/Ratchet3-85.png/revision/latest?cb=20260202220915,n/a,n/a,Wedge,https://static.wikia.nocookie.net/beyblade/images/2/29/BitWedge.png/revision/latest?cb=20250215050716
PerseusDark B6-80W,https://static.wikia.nocookie.net/beyblade/images/8/84/PerseusDark_B6-80W.jpeg/revision/latest/scale-to-width-down/400?cb=20250214171916,n/a,n/a,Dark,https://static.wikia.nocookie.net/beyblade/images/e/e0/MainBladeDark.png/revision/latest?cb=20250215050646,Bumper,https://static.wikia.nocookie.net/beyblade/images/a/aa/AssistBladeBumper.png/revision/latest?cb=20250215050654,Perseus,https://static.wikia.nocookie.net/beyblade/images/6/6a/LockChipPerseus.png/revision/latest?cb=20250215050629,6-80,https://static.wikia.nocookie.net/beyblade/images/9/98/Ratchet6-80.png/revision/latest?cb=20250215050704,n/a,n/a,Wedge,https://static.wikia.nocookie.net/beyblade/images/2/29/BitWedge.png/revision/latest?cb=20250215050716
PhoenixFeather 2-60N,https://static.wikia.nocookie.net/beyblade/images/0/02/PhoenixFeather_2-60N.png/revision/latest/scale-to-width-down/396?cb=20241115031244,PhoenixFeather,https://static.wikia.nocookie.net/beyblade/images/9/96/BladePhoenixFeather.png/revision/latest?cb=20231207074705,n/a,n/a,n/a,n/a,n/a,n/a,2-60,https://static.wikia.nocookie.net/beyblade/images/a/a6/Ratchet2-60.png/revision/latest?cb=20240614034142,n/a,n/a,Needle,https://static.wikia.nocookie.net/beyblade/images/2/26/BitNeedle.png/revision/latest?cb=20250609060238
PhoenixFlare Z9-80WW,https://static.wikia.nocookie.net/beyblade/images/f/f6/PhoenixFlare_Z9-80WW.jpeg/revision/latest/scale-to-width-down/400?cb=20260115020901,n/a,n/a,Flare,https://static.wikia.nocookie.net/beyblade/images/d/d3/MainBladeFlare.png/revision/latest?cb=20260115043015,Zillion,https://static.wikia.nocookie.net/beyblade/images/3/37/AssistBladeZillion.png/revision/latest?cb=20260115043035,Phoenix,https://static.wikia.nocookie.net/beyblade/images/7/7a/LockChipPhoenix.png/revision/latest?cb=20260115042959,9-80,https://static.wikia.nocookie.net/beyblade/images/6/61/Ratchet9-80.png/revision/latest?cb=20240115193705,n/a,n/a,Wall Wedge,https://static.wikia.nocookie.net/beyblade/images/9/9a/BitWallWedge.png/revision/latest?cb=20260115043200
PhoenixRudder 4-70LF,https://static.wikia.nocookie.net/beyblade/images/e/e0/PhoenixRudder_4-70LF.png/revision/latest/scale-to-width-down/390?cb=20250314031356,PhoenixRudder,https://static.wikia.nocookie.net/beyblade/images/0/0f/BladePhoenixRudder.png/revision/latest?cb=20250528203411,n/a,n/a,n/a,n/a,n/a,n/a,4-70,https://static.wikia.nocookie.net/beyblade/images/1/16/Ratchet4-70.png/revision/latest?cb=20240524163324,n/a,n/a,Low Flat,https://static.wikia.nocookie.net/beyblade/images/0/0e/BitLowFlat.png/revision/latest?cb=20230812203610
PhoenixRudder 9-70G,https://static.wikia.nocookie.net/beyblade/images/4/45/PhoenixRudder_9-70G.jpeg/revision/latest/scale-to-width-down/389?cb=20240804195556,PhoenixRudder,https://static.wikia.nocookie.net/beyblade/images/0/0f/BladePhoenixRudder.png/revision/latest?cb=20250528203411,n/a,n/a,n/a,n/a,n/a,n/a,9-70,https://static.wikia.nocookie.net/beyblade/images/8/86/Ratchet9-70.png/revision/latest?cb=20240712055351,n/a,n/a,Glide,https://static.wikia.nocookie.net/beyblade/images/d/d5/BitGlide.png/revision/latest?cb=20240712055345
PhoenixWing 5-80H,https://static.wikia.nocookie.net/beyblade/images/0/02/PhoenixWing_5-80H.jpeg/revision/latest?cb=20240624191632,PhoenixWing,https://static.wikia.nocookie.net/beyblade/images/2/2d/BladePhoenixWing.png/revision/latest?cb=20231115091927,n/a,n/a,n/a,n/a,n/a,n/a,5-80,https://static.wikia.nocookie.net/beyblade/images/4/42/Ratchet5-80.png/revision/latest?cb=20230918165909,n/a,n/a,Hexa,https://static.wikia.nocookie.net/beyblade/images/8/8c/BitHexa.png/revision/latest?cb=20240215060626
PhoenixWing 9-60GF,https://static.wikia.nocookie.net/beyblade/images/0/02/PhoenixWing_9-60GF.jpeg/revision/latest/scale-to-width-down/399?cb=20231114155235,PhoenixWing,https://static.wikia.nocookie.net/beyblade/images/2/2d/BladePhoenixWing.png/revision/latest?cb=20231115091927,n/a,n/a,n/a,n/a,n/a,n/a,9-60,https://static.wikia.nocookie.net/beyblade/images/a/af/Ratchet9-60.png/revision/latest?cb=20250530201949,n/a,n/a,Gear Flat,https://static.wikia.nocookie.net/beyblade/images/b/bd/BitGearFlat.png/revision/latest?cb=20231115091943
PhoenixWing 9-80DB,https://static.wikia.nocookie.net/beyblade/images/e/e1/PhoenixWing_9-80DB.jpg/revision/latest/scale-to-width-down/400?cb=20240912175246,PhoenixWing,https://static.wikia.nocookie.net/beyblade/images/2/2d/BladePhoenixWing.png/revision/latest?cb=20231115091927,n/a,n/a,n/a,n/a,n/a,n/a,9-80,https://static.wikia.nocookie.net/beyblade/images/6/61/Ratchet9-80.png/revision/latest?cb=20240115193705,n/a,n/a,Disk Ball,https://static.wikia.nocookie.net/beyblade/images/1/10/BitDiskBall.png/revision/latest?cb=20240215060650
PteraSwing 7-70B,https://static.wikia.nocookie.net/beyblade/images/3/38/PteraSwing_7-70B_%28Side_View%29.jpeg/revision/latest/scale-to-width-down/400?cb=20250922152317,PteraSwing,https://static.wikia.nocookie.net/beyblade/images/f/f8/Talon_Ptera_3-80B.jpeg/revision/latest?cb=20240630193118,n/a,n/a,n/a,n/a,n/a,n/a,7-70,https://static.wikia.nocookie.net/beyblade/images/3/38/Ratchet7-70.png/revision/latest?cb=20241015043216,n/a,n/a,Ball,https://static.wikia.nocookie.net/beyblade/images/8/8c/BitBall.png/revision/latest?cb=20250608045235
RhinoHorn 3-80S,https://static.wikia.nocookie.net/beyblade/images/0/02/RhinoHorn_3-80S.jpeg/revision/latest/scale-to-width-down/400?cb=20231013160027,RhinoHorn,https://static.wikia.nocookie.net/beyblade/images/4/41/BladeRhinoHorn.png/revision/latest?cb=20250528201123,n/a,n/a,n/a,n/a,n/a,n/a,3-80,https://static.wikia.nocookie.net/beyblade/images/6/69/Ratchet3-80.png/revision/latest?cb=20250609060206,n/a,n/a,Spike,https://static.wikia.nocookie.net/beyblade/images/7/7d/BitSpike.png/revision/latest?cb=20231014012757
RhinoHorn 5-80Q,https://static.wikia.nocookie.net/beyblade/images/9/92/RhinoHorn_5-80Q.jpeg/revision/latest?cb=20240417121853,RhinoHorn,https://static.wikia.nocookie.net/beyblade/images/4/41/BladeRhinoHorn.png/revision/latest?cb=20250528201123,n/a,n/a,n/a,n/a,n/a,n/a,5-80,https://static.wikia.nocookie.net/beyblade/images/4/42/Ratchet5-80.png/revision/latest?cb=20230918165909,n/a,n/a,Quake,https://static.wikia.nocookie.net/beyblade/images/e/ed/BitQuake.png/revision/latest?cb=20240503184404
RhinoReaper C4-55D,https://static.wikia.nocookie.net/beyblade/images/5/5d/RhinoReaper_C4-55D.png/revision/latest/scale-to-width-down/399?cb=20250314031313,n/a,n/a,Reaper,https://static.wikia.nocookie.net/beyblade/images/a/a4/MainBladeReaper.png/revision/latest?cb=20250314041624,Charge,https://static.wikia.nocookie.net/beyblade/images/8/89/AssistBladeCharge.png/revision/latest?cb=20250314041928,Rhino,https://static.wikia.nocookie.net/beyblade/images/d/d7/LockChipRhino.png/revision/latest?cb=20250404235409,4-55,https://static.wikia.nocookie.net/beyblade/images/7/7a/Ratchet4-55.png/revision/latest?cb=20250605000210,n/a,n/a,Dot,https://static.wikia.nocookie.net/beyblade/images/b/b2/BitDot.png/revision/latest?cb=20240614034756
Rock Leone 6-80GN,https://static.wikia.nocookie.net/beyblade/images/b/bf/Rock_Leone_6-80GN.jpeg/revision/latest/scale-to-width-down/392?cb=20250717213604,Rock Leone,https://static.wikia.nocookie.net/beyblade/images/a/a2/BladeRockLeone.png/revision/latest?cb=20250719051128,n/a,n/a,n/a,n/a,n/a,n/a,6-80,https://static.wikia.nocookie.net/beyblade/images/9/98/Ratchet6-80.png/revision/latest?cb=20250215050704,n/a,n/a,Gear Needle,https://static.wikia.nocookie.net/beyblade/images/9/9d/BitGearNeedle.png/revision/latest?cb=20240116063659
SamuraiCalibur 6-70M,https://static.wikia.nocookie.net/beyblade/images/c/cf/SamuraiCalibur_6-70M.jpeg/revision/latest/scale-to-width-down/400?cb=20250714182443,SamuraiCalibur,https://static.wikia.nocookie.net/beyblade/images/a/ab/BladeSamuraiCalibur.png/revision/latest?cb=20250715051328,n/a,n/a,n/a,n/a,n/a,n/a,6-70,https://static.wikia.nocookie.net/beyblade/images/1/14/Ratchet6-70.png/revision/latest?cb=20250715051344,n/a,n/a,Merge,https://static.wikia.nocookie.net/beyblade/images/5/5e/BitMerge.png/revision/latest?cb=20250715051358
SamuraiSaber 2-70L,https://static.wikia.nocookie.net/beyblade/images/d/d5/SamuraiSaber_2-70L.png/revision/latest/scale-to-width-down/391?cb=20241015031813,SamuraiSaber,https://static.wikia.nocookie.net/beyblade/images/d/de/BladeSamuraiSaber.png/revision/latest?cb=20241015033005,n/a,n/a,n/a,n/a,n/a,n/a,2-70,https://static.wikia.nocookie.net/beyblade/images/c/cb/Ratchet2-70.png/revision/latest?cb=20241015033717,n/a,n/a,Level,https://static.wikia.nocookie.net/beyblade/images/5/56/BitLevel.png/revision/latest?cb=20241015033722
SamuraiSteel 5-70GF,https://static.wikia.nocookie.net/beyblade/images/2/29/SamuraiSteel_5-70GF.jpg/revision/latest/scale-to-width-down/400?cb=20250514082453,SamuraiSteel,https://static.wikia.nocookie.net/beyblade/images/f/fb/Steel_Samurai_4-80T.jpeg/revision/latest?cb=20240515224953,n/a,n/a,n/a,n/a,n/a,n/a,5-70,https://static.wikia.nocookie.net/beyblade/images/c/cc/Ratchet5-70.png/revision/latest?cb=20240215060642,n/a,n/a,Gear Flat,https://static.wikia.nocookie.net/beyblade/images/b/bd/BitGearFlat.png/revision/latest?cb=20231115091943
ScorpioSpear 0-70Z,https://static.wikia.nocookie.net/beyblade/images/8/88/ScorpioSpear_0-70Z.png/revision/latest/scale-to-width-down/400?cb=20250415031818,ScorpioSpear,https://static.wikia.nocookie.net/beyblade/images/8/89/BladeScorpioSpear.png/revision/latest?cb=20250614081207,n/a,n/a,n/a,n/a,n/a,n/a,0-70,https://static.wikia.nocookie.net/beyblade/images/0/08/Ratchet0-70.png/revision/latest?cb=20250415034357,n/a,n/a,Zap,https://static.wikia.nocookie.net/beyblade/images/6/61/BitZap.png/revision/latest?cb=20250415034411
SharkEdge 1-60Q,https://static.wikia.nocookie.net/beyblade/images/8/88/SharkEdge_1-60Q.jpeg/revision/latest?cb=20240417121726,SharkEdge,https://static.wikia.nocookie.net/beyblade/images/2/2e/BladeSharkEdge.png/revision/latest?cb=20230812203549,n/a,n/a,n/a,n/a,n/a,n/a,1-60,https://static.wikia.nocookie.net/beyblade/images/3/3a/Ratchet1-60.png/revision/latest?cb=20240215060550,n/a,n/a,Quake,https://static.wikia.nocookie.net/beyblade/images/e/ed/BitQuake.png/revision/latest?cb=20240503184404
SharkEdge 2-60GP,https://static.wikia.nocookie.net/beyblade/images/1/1a/SharkEdge_2-60GP_%28Metal_Coat_Black_Fishing_Spirits_Wonder_Ver%29.jpeg/revision/latest/scale-to-width-down/400?cb=20251116123632,SharkEdge,https://static.wikia.nocookie.net/beyblade/images/2/2e/BladeSharkEdge.png/revision/latest?cb=20230812203549,n/a,n/a,n/a,n/a,n/a,n/a,2-60,https://static.wikia.nocookie.net/beyblade/images/a/a6/Ratchet2-60.png/revision/latest?cb=20240614034142,n/a,n/a,Gear Point,https://static.wikia.nocookie.net/beyblade/images/3/36/BitGearPoint.png/revision/latest?cb=20240115194709
SharkEdge 3-60LF,https://static.wikia.nocookie.net/beyblade/images/7/7c/SharkEdge_3-60LF.png/revision/latest?cb=20230812090317,SharkEdge,https://static.wikia.nocookie.net/beyblade/images/2/2e/BladeSharkEdge.png/revision/latest?cb=20230812203549,n/a,n/a,n/a,n/a,n/a,n/a,3-60,https://static.wikia.nocookie.net/beyblade/images/1/1b/Ratchet3-60.png/revision/latest?cb=20240913063429,n/a,n/a,Low Flat,https://static.wikia.nocookie.net/beyblade/images/0/0e/BitLowFlat.png/revision/latest?cb=20230812203610
SharkEdge 3-80F,https://static.wikia.nocookie.net/beyblade/images/2/2d/SharkEdge_3-80F.jpeg/revision/latest?cb=20231013161139,SharkEdge,https://static.wikia.nocookie.net/beyblade/images/2/2e/BladeSharkEdge.png/revision/latest?cb=20230812203549,n/a,n/a,n/a,n/a,n/a,n/a,3-80,https://static.wikia.nocookie.net/beyblade/images/6/69/Ratchet3-80.png/revision/latest?cb=20250609060206,n/a,n/a,Flat,https://static.wikia.nocookie.net/beyblade/images/b/b0/BitFlat.png/revision/latest?cb=20240913063436
SharkEdge 4-70E,https://static.wikia.nocookie.net/beyblade/images/4/47/SharkEdge_4-70E_%28Metal_Coat_Blue_Minor_Change_Version%29.png/revision/latest/scale-to-width-down/389?cb=20260115030535,SharkEdge,https://static.wikia.nocookie.net/beyblade/images/2/2e/BladeSharkEdge.png/revision/latest?cb=20230812203549,n/a,n/a,n/a,n/a,n/a,n/a,4-70,https://static.wikia.nocookie.net/beyblade/images/1/16/Ratchet4-70.png/revision/latest?cb=20240524163324,n/a,n/a,Elevate,https://static.wikia.nocookie.net/beyblade/images/3/38/BitElevate.png/revision/latest?cb=20240812022551
SharkEdge 4-80N,https://static.wikia.nocookie.net/beyblade/images/8/8b/SharkEdge_4-80N.png/revision/latest?cb=20230812090329,SharkEdge,https://static.wikia.nocookie.net/beyblade/images/2/2e/BladeSharkEdge.png/revision/latest?cb=20230812203549,n/a,n/a,n/a,n/a,n/a,n/a,4-80,https://static.wikia.nocookie.net/beyblade/images/a/ae/Ratchet4-80.png/revision/latest?cb=20250608045210,n/a,n/a,Needle,https://static.wikia.nocookie.net/beyblade/images/2/26/BitNeedle.png/revision/latest?cb=20250609060238
SharkEdge 5-60GF,https://static.wikia.nocookie.net/beyblade/images/f/fe/SharkEdge_5-60GF.jpg/revision/latest?cb=20240217040612,SharkEdge,https://static.wikia.nocookie.net/beyblade/images/2/2e/BladeSharkEdge.png/revision/latest?cb=20230812203549,n/a,n/a,n/a,n/a,n/a,n/a,5-60,https://static.wikia.nocookie.net/beyblade/images/f/f7/Ratchet5-60.png/revision/latest?cb=20230918165846,n/a,n/a,Gear Flat,https://static.wikia.nocookie.net/beyblade/images/b/bd/BitGearFlat.png/revision/latest?cb=20231115091943
SharkGill 5-60FB,https://static.wikia.nocookie.net/beyblade/images/d/d6/SharkGill_5-60FB.jpeg/revision/latest/scale-to-width-down/400?cb=20251014153011,SharkGill,https://static.wikia.nocookie.net/beyblade/images/3/3b/Gill_Shark_4-70O.jpeg/revision/latest?cb=20250820040436,n/a,n/a,n/a,n/a,n/a,n/a,5-60,https://static.wikia.nocookie.net/beyblade/images/f/f7/Ratchet5-60.png/revision/latest?cb=20230918165846,n/a,n/a,Free Ball,https://static.wikia.nocookie.net/beyblade/images/7/78/BitFreeBall.png/revision/latest?cb=20240913034835
SharkScale 4-50UF,https://static.wikia.nocookie.net/beyblade/images/1/1c/SharkScale_4-50UF.jpeg/revision/latest/scale-to-width-down/389?cb=20260128024624,SharkScale,https://static.wikia.nocookie.net/beyblade/images/e/e0/BladeSharkScale.png/revision/latest?cb=20250715051433,n/a,n/a,n/a,n/a,n/a,n/a,4-50,https://static.wikia.nocookie.net/beyblade/images/2/2a/Ratchet4-50.png/revision/latest?cb=20250715051521,n/a,n/a,Under Flat,https://static.wikia.nocookie.net/beyblade/images/5/55/BitUnderFlat.png/revision/latest?cb=20250715051536
ShelterDrake 3-60D,https://static.wikia.nocookie.net/beyblade/images/2/27/ShelterDrake_3-60D.png/revision/latest/scale-to-width-down/366?cb=20250115044500,ShelterDrake,https://static.wikia.nocookie.net/beyblade/images/8/89/BladeShelterDrake.png/revision/latest?cb=20250530222732,n/a,n/a,n/a,n/a,n/a,n/a,3-60,https://static.wikia.nocookie.net/beyblade/images/1/1b/Ratchet3-60.png/revision/latest?cb=20240913063429,n/a,n/a,Dot,https://static.wikia.nocookie.net/beyblade/images/b/b2/BitDot.png/revision/latest?cb=20240614034756
ShelterDrake 5-70O,https://static.wikia.nocookie.net/beyblade/images/4/4f/ShelterDrake_5-70O.png/revision/latest/scale-to-width-down/366?cb=20250115044440,ShelterDrake,https://static.wikia.nocookie.net/beyblade/images/8/89/BladeShelterDrake.png/revision/latest?cb=20250530222732,n/a,n/a,n/a,n/a,n/a,n/a,5-70,https://static.wikia.nocookie.net/beyblade/images/c/cc/Ratchet5-70.png/revision/latest?cb=20240215060642,n/a,n/a,Orb,https://static.wikia.nocookie.net/beyblade/images/1/17/BitOrb.png/revision/latest?cb=20230918165916
ShelterDrake 7-80GP,https://static.wikia.nocookie.net/beyblade/images/e/ed/ShelterDrake_7-80GP.png/revision/latest/scale-to-width-down/365?cb=20250115044424,ShelterDrake,https://static.wikia.nocookie.net/beyblade/images/8/89/BladeShelterDrake.png/revision/latest?cb=20250530222732,n/a,n/a,n/a,n/a,n/a,n/a,7-80,https://static.wikia.nocookie.net/beyblade/images/d/d7/Ratchet7-80.png/revision/latest?cb=20250115050921,n/a,n/a,Gear Point,https://static.wikia.nocookie.net/beyblade/images/3/36/BitGearPoint.png/revision/latest?cb=20240115194709
ShinobiKnife 4-60LF,https://static.wikia.nocookie.net/beyblade/images/0/01/ShinobiKnife_4-60LF_%28Metal_Coat_Blue%29.png/revision/latest?cb=20240515034525,ShinobiKnife,https://static.wikia.nocookie.net/beyblade/images/2/25/BladeKnifeShinobi.png/revision/latest?cb=20250815182407,n/a,n/a,n/a,n/a,n/a,n/a,4-60,https://static.wikia.nocookie.net/beyblade/images/4/46/Ratchet4-60.png/revision/latest?cb=20250317055414,n/a,n/a,Low Flat,https://static.wikia.nocookie.net/beyblade/images/0/0e/BitLowFlat.png/revision/latest?cb=20230812203610
ShinobiShadow 1-80MN,https://static.wikia.nocookie.net/beyblade/images/d/dd/ShinobiShadow_1-80MN.jpeg/revision/latest/scale-to-width-down/393?cb=20240414181554,ShinobiShadow,https://static.wikia.nocookie.net/beyblade/images/4/48/BladeShinobiShadow.png/revision/latest?cb=20250528201917,n/a,n/a,n/a,n/a,n/a,n/a,1-80,https://static.wikia.nocookie.net/beyblade/images/4/46/Ratchet1-80.png/revision/latest?cb=20240513065345,n/a,n/a,Metal Needle,https://static.wikia.nocookie.net/beyblade/images/4/47/BitMetalNeedle.png/revision/latest?cb=20240416003755
ShinobiShadow 3-70GP,https://static.wikia.nocookie.net/beyblade/images/0/09/ShinobiShadow_3-70GP_%28UX-05_03%29.jpeg/revision/latest/scale-to-width-down/400?cb=20240415063627,ShinobiShadow,https://static.wikia.nocookie.net/beyblade/images/4/48/BladeShinobiShadow.png/revision/latest?cb=20250528201917,n/a,n/a,n/a,n/a,n/a,n/a,3-70,https://static.wikia.nocookie.net/beyblade/images/d/da/Ratchet3-70.png/revision/latest?cb=20240215060619,n/a,n/a,Gear Point,https://static.wikia.nocookie.net/beyblade/images/3/36/BitGearPoint.png/revision/latest?cb=20240115194709
ShinobiShadow 3-80F,https://static.wikia.nocookie.net/beyblade/images/6/6a/ShinobiShadow_3-80F.png/revision/latest/scale-to-width-down/400?cb=20241115031218,ShinobiShadow,https://static.wikia.nocookie.net/beyblade/images/4/48/BladeShinobiShadow.png/revision/latest?cb=20250528201917,n/a,n/a,n/a,n/a,n/a,n/a,3-80,https://static.wikia.nocookie.net/beyblade/images/6/69/Ratchet3-80.png/revision/latest?cb=20250609060206,n/a,n/a,Flat,https://static.wikia.nocookie.net/beyblade/images/b/b0/BitFlat.png/revision/latest?cb=20240913063436
ShinobiShadow 9-60LF,https://static.wikia.nocookie.net/beyblade/images/4/40/ShinobiShadow_9-60LF_%28UX-05_02%29.jpeg/revision/latest/scale-to-width-down/400?cb=20240415063548,ShinobiShadow,https://static.wikia.nocookie.net/beyblade/images/4/48/BladeShinobiShadow.png/revision/latest?cb=20250528201917,n/a,n/a,n/a,n/a,n/a,n/a,9-60,https://static.wikia.nocookie.net/beyblade/images/a/af/Ratchet9-60.png/revision/latest?cb=20250530201949,n/a,n/a,Low Flat,https://static.wikia.nocookie.net/beyblade/images/0/0e/BitLowFlat.png/revision/latest?cb=20230812203610
SilverWolf 3-80FB,https://static.wikia.nocookie.net/beyblade/images/c/c7/SilverWolf_3-80FB.png/revision/latest/scale-to-width-down/400?cb=20240913030733,SilverWolf,https://static.wikia.nocookie.net/beyblade/images/f/f1/BladeSilverWolf.png/revision/latest?cb=20240913034202,n/a,n/a,n/a,n/a,n/a,n/a,3-80,https://static.wikia.nocookie.net/beyblade/images/6/69/Ratchet3-80.png/revision/latest?cb=20250609060206,n/a,n/a,Free Ball,https://static.wikia.nocookie.net/beyblade/images/7/78/BitFreeBall.png/revision/latest?cb=20240913034835
SolBrave C9-70TP,https://static.wikia.nocookie.net/beyblade/images/9/94/SolBrave_C9-70TP.png/revision/latest/scale-to-width-down/395?cb=20251114044843,n/a,n/a,Brave,https://static.wikia.nocookie.net/beyblade/images/d/df/MainBladeBrave.png/revision/latest?cb=20250727212836,Charge,https://static.wikia.nocookie.net/beyblade/images/8/89/AssistBladeCharge.png/revision/latest?cb=20250314041928,Sol,https://static.wikia.nocookie.net/beyblade/images/6/6e/LockChipSol.png/revision/latest?cb=20250812023449,9-70,https://static.wikia.nocookie.net/beyblade/images/8/86/Ratchet9-70.png/revision/latest?cb=20240712055351,n/a,n/a,Trans Point,https://static.wikia.nocookie.net/beyblade/images/d/d0/BitTransPoint.png/revision/latest?cb=20241015052109
SolEclipse D5-70TK,https://static.wikia.nocookie.net/beyblade/images/b/ba/SolEclipse_D5-70TK_%28Double_Upper_Mode%29.png/revision/latest/scale-to-width-down/391?cb=20250812024000,n/a,n/a,Eclipse,https://static.wikia.nocookie.net/beyblade/images/8/84/MainBladeEclipse_%28Upper_Mode%29.png/revision/latest?cb=20250812023458,Dual,https://static.wikia.nocookie.net/beyblade/images/7/7e/AssistBladeDual_%28Upper_Mode%29.png/revision/latest?cb=20250812023514,Sol,https://static.wikia.nocookie.net/beyblade/images/6/6e/LockChipSol.png/revision/latest?cb=20250812023449,5-70,https://static.wikia.nocookie.net/beyblade/images/c/cc/Ratchet5-70.png/revision/latest?cb=20240215060642,n/a,n/a,Trans Kick,https://static.wikia.nocookie.net/beyblade/images/5/5d/BitTransKick.png/revision/latest?cb=20250812023538
SphinxCowl 1-80GF,https://static.wikia.nocookie.net/beyblade/images/5/50/SphinxCowl_1-80GF.jpeg/revision/latest/scale-to-width-down/392?cb=20250721204820,SphinxCowl,https://static.wikia.nocookie.net/beyblade/images/3/31/BladeSphinxCowl.png/revision/latest?cb=20250528201304,n/a,n/a,n/a,n/a,n/a,n/a,1-80,https://static.wikia.nocookie.net/beyblade/images/4/46/Ratchet1-80.png/revision/latest?cb=20240513065345,n/a,n/a,Gear Flat,https://static.wikia.nocookie.net/beyblade/images/b/bd/BitGearFlat.png/revision/latest?cb=20231115091943
SphinxCowl 4-80HT,https://static.wikia.nocookie.net/beyblade/images/9/9e/SphinxCowl_4-80HT.jpeg/revision/latest/scale-to-width-down/393?cb=20240115035443,SphinxCowl,https://static.wikia.nocookie.net/beyblade/images/3/31/BladeSphinxCowl.png/revision/latest?cb=20250528201304,n/a,n/a,n/a,n/a,n/a,n/a,4-80,https://static.wikia.nocookie.net/beyblade/images/a/ae/Ratchet4-80.png/revision/latest?cb=20250608045210,n/a,n/a,High Taper,https://static.wikia.nocookie.net/beyblade/images/b/b5/BitHighTaper.png/revision/latest?cb=20231014024512
SphinxCowl 5-60O,https://static.wikia.nocookie.net/beyblade/images/d/db/SphinxCowl_5-60O.jpeg/revision/latest/scale-to-width-down/393?cb=20240115035456,SphinxCowl,https://static.wikia.nocookie.net/beyblade/images/3/31/BladeSphinxCowl.png/revision/latest?cb=20250528201304,n/a,n/a,n/a,n/a,n/a,n/a,5-60,https://static.wikia.nocookie.net/beyblade/images/f/f7/Ratchet5-60.png/revision/latest?cb=20230918165846,n/a,n/a,Orb,https://static.wikia.nocookie.net/beyblade/images/1/17/BitOrb.png/revision/latest?cb=20230918165916
SphinxCowl 9-80GN,https://static.wikia.nocookie.net/beyblade/images/2/24/SphinxCowl_9-80GN.jpeg/revision/latest/scale-to-width-down/393?cb=20240115035436,SphinxCowl,https://static.wikia.nocookie.net/beyblade/images/3/31/BladeSphinxCowl.png/revision/latest?cb=20250528201304,n/a,n/a,n/a,n/a,n/a,n/a,9-80,https://static.wikia.nocookie.net/beyblade/images/6/61/Ratchet9-80.png/revision/latest?cb=20240115193705,n/a,n/a,Gear Needle,https://static.wikia.nocookie.net/beyblade/images/9/9d/BitGearNeedle.png/revision/latest?cb=20240116063659
StormPegasis 3-70RA,https://static.wikia.nocookie.net/beyblade/images/2/2a/StormPegasis_3-70RA.jpeg/revision/latest/scale-to-width-down/400?cb=20240717033658,StormPegasis,https://static.wikia.nocookie.net/beyblade/images/2/2a/StormPegasis_3-70RA.jpeg/revision/latest?cb=20240717033658,n/a,n/a,n/a,n/a,n/a,n/a,3-70,https://static.wikia.nocookie.net/beyblade/images/d/da/Ratchet3-70.png/revision/latest?cb=20240215060619,n/a,n/a,Rubber Accel,https://static.wikia.nocookie.net/beyblade/images/5/5a/BitRubberAccel.png/revision/latest?cb=20241015044738
TriceraPress M-85BS,https://static.wikia.nocookie.net/beyblade/images/4/4d/TriceraPress_M-85BS.jpeg/revision/latest/scale-to-width-down/400?cb=20250514201329,TriceraPress,https://static.wikia.nocookie.net/beyblade/images/4/48/BladeTriceraPress.png/revision/latest?cb=20250515033251,n/a,n/a,n/a,n/a,n/a,n/a,M-85,https://static.wikia.nocookie.net/beyblade/images/7/79/RatchetM-85.png/revision/latest?cb=20250515033258,n/a,n/a,Bound Spike,https://static.wikia.nocookie.net/beyblade/images/8/88/BitBoundSpike.png/revision/latest?cb=20241015034935
TyrannoBeat 1-60RA,https://static.wikia.nocookie.net/beyblade/images/5/5e/TyrannoBeat_1-60RA_%28Side_View%29.jpeg/revision/latest/scale-to-width-down/400?cb=20250922160332,TyrannoBeat,https://static.wikia.nocookie.net/beyblade/images/f/ff/BladeTyrannoBeat.png/revision/latest?cb=20240415173927,n/a,n/a,n/a,n/a,n/a,n/a,1-60,https://static.wikia.nocookie.net/beyblade/images/3/3a/Ratchet1-60.png/revision/latest?cb=20240215060550,n/a,n/a,Rubber Accel,https://static.wikia.nocookie.net/beyblade/images/5/5a/BitRubberAccel.png/revision/latest?cb=20241015044738
TyrannoBeat 3-60S,https://static.wikia.nocookie.net/beyblade/images/0/05/TyrannoBeat_3-60S.jpeg/revision/latest?cb=20240417121310,TyrannoBeat,https://static.wikia.nocookie.net/beyblade/images/f/ff/BladeTyrannoBeat.png/revision/latest?cb=20240415173927,n/a,n/a,n/a,n/a,n/a,n/a,3-60,https://static.wikia.nocookie.net/beyblade/images/1/1b/Ratchet3-60.png/revision/latest?cb=20240913063429,n/a,n/a,Spike,https://static.wikia.nocookie.net/beyblade/images/7/7d/BitSpike.png/revision/latest?cb=20231014012757
TyrannoBeat 4-70Q,https://static.wikia.nocookie.net/beyblade/images/1/14/TyrannoBeat_4-70Q.jpeg/revision/latest/scale-to-width-down/400?cb=20241117065057,TyrannoBeat,https://static.wikia.nocookie.net/beyblade/images/f/ff/BladeTyrannoBeat.png/revision/latest?cb=20240415173927,n/a,n/a,n/a,n/a,n/a,n/a,4-70,https://static.wikia.nocookie.net/beyblade/images/1/16/Ratchet4-70.png/revision/latest?cb=20240524163324,n/a,n/a,Quake,https://static.wikia.nocookie.net/beyblade/images/e/ed/BitQuake.png/revision/latest?cb=20240503184404
TyrannoRoar 1-70L,https://static.wikia.nocookie.net/beyblade/images/0/0c/TyrannoRoar_1-70L.png/revision/latest/scale-to-width-down/395?cb=20250715030405,TyrannoRoar,https://static.wikia.nocookie.net/beyblade/images/5/5e/Roar_Tyranno_9-60GF.jpeg/revision/latest?cb=20241003084111,n/a,n/a,n/a,n/a,n/a,n/a,1-70,https://static.wikia.nocookie.net/beyblade/images/f/f1/Ratchet1-70.png/revision/latest?cb=20250715052629,n/a,n/a,Level,https://static.wikia.nocookie.net/beyblade/images/5/56/BitLevel.png/revision/latest?cb=20241015033722
UnicornSting 3-70D,https://static.wikia.nocookie.net/beyblade/images/0/07/UnicornSting_3-70D.jpeg/revision/latest?cb=20240624191250,UnicornSting,https://static.wikia.nocookie.net/beyblade/images/1/15/BladeUnicornSting.png/revision/latest?cb=20240115194629,n/a,n/a,n/a,n/a,n/a,n/a,3-70,https://static.wikia.nocookie.net/beyblade/images/d/da/Ratchet3-70.png/revision/latest?cb=20240215060619,n/a,n/a,Dot,https://static.wikia.nocookie.net/beyblade/images/b/b2/BitDot.png/revision/latest?cb=20240614034756
UnicornSting 5-60GP,https://static.wikia.nocookie.net/beyblade/images/c/cc/UnicornSting_5-60GP.jpg/revision/latest/scale-to-width-down/400?cb=20240114194759,UnicornSting,https://static.wikia.nocookie.net/beyblade/images/1/15/BladeUnicornSting.png/revision/latest?cb=20240115194629,n/a,n/a,n/a,n/a,n/a,n/a,5-60,https://static.wikia.nocookie.net/beyblade/images/f/f7/Ratchet5-60.png/revision/latest?cb=20230918165846,n/a,n/a,Gear Point,https://static.wikia.nocookie.net/beyblade/images/3/36/BitGearPoint.png/revision/latest?cb=20240115194709
ValkyrieVolt S4-70V,https://static.wikia.nocookie.net/beyblade/images/c/c4/ValkyrieVolt_S4-70V.png/revision/latest/scale-to-width-down/400?cb=20250715031947,n/a,n/a,Volt,https://static.wikia.nocookie.net/beyblade/images/0/04/MainBladeVolt.png/revision/latest?cb=20250715032031,Slash,https://static.wikia.nocookie.net/beyblade/images/c/cb/AssistBladeSlash.png/revision/latest?cb=20250215050454,Valkyrie,https://static.wikia.nocookie.net/beyblade/images/b/b4/LockChipValkyrie.png/revision/latest?cb=20250715032014,4-70,https://static.wikia.nocookie.net/beyblade/images/1/16/Ratchet4-70.png/revision/latest?cb=20240524163324,n/a,n/a,Vortex,https://static.wikia.nocookie.net/beyblade/images/f/f9/BitVortex.png/revision/latest?cb=20250215050522
VictoryValkyrie 2-60RA,https://static.wikia.nocookie.net/beyblade/images/6/6b/VictoryValkyrie_2-60RA.jpeg/revision/latest/scale-to-width-down/400?cb=20240717033721,VictoryValkyrie,n/a,n/a,n/a,n/a,n/a,n/a,n/a,2-60,https://static.wikia.nocookie.net/beyblade/images/a/a6/Ratchet2-60.png/revision/latest?cb=20240614034142,n/a,n/a,Rubber Accel,https://static.wikia.nocookie.net/beyblade/images/5/5a/BitRubberAccel.png/revision/latest?cb=20241015044738
ViperTail 3-80HN,https://static.wikia.nocookie.net/beyblade/images/9/92/ViperTail_3-80HN.jpg/revision/latest/scale-to-width-down/400?cb=20231031061917,ViperTail,https://static.wikia.nocookie.net/beyblade/images/9/9d/BladeViperTail.png/revision/latest?cb=20250818205656,n/a,n/a,n/a,n/a,n/a,n/a,3-80,https://static.wikia.nocookie.net/beyblade/images/6/69/Ratchet3-80.png/revision/latest?cb=20250609060206,n/a,n/a,High Needle,https://static.wikia.nocookie.net/beyblade/images/2/2f/BitHighNeedle.png/revision/latest?cb=20230808063846
ViperTail 4-60F,https://static.wikia.nocookie.net/beyblade/images/a/a7/ViperTail_4-60F.jpg/revision/latest/scale-to-width-down/400?cb=20231031061917,ViperTail,https://static.wikia.nocookie.net/beyblade/images/9/9d/BladeViperTail.png/revision/latest?cb=20250818205656,n/a,n/a,n/a,n/a,n/a,n/a,4-60,https://static.wikia.nocookie.net/beyblade/images/4/46/Ratchet4-60.png/revision/latest?cb=20250317055414,n/a,n/a,Flat,https://static.wikia.nocookie.net/beyblade/images/b/b0/BitFlat.png/revision/latest?cb=20240913063436
ViperTail 5-60F,https://static.wikia.nocookie.net/beyblade/images/c/c0/ViperTail_5-60F.jpeg/revision/latest?cb=20231213161412,ViperTail,https://static.wikia.nocookie.net/beyblade/images/9/9d/BladeViperTail.png/revision/latest?cb=20250818205656,n/a,n/a,n/a,n/a,n/a,n/a,5-60,https://static.wikia.nocookie.net/beyblade/images/f/f7/Ratchet5-60.png/revision/latest?cb=20230918165846,n/a,n/a,Flat,https://static.wikia.nocookie.net/beyblade/images/b/b0/BitFlat.png/revision/latest?cb=20240913063436
ViperTail 5-70D,https://static.wikia.nocookie.net/beyblade/images/c/c8/ViperTail_5-70D.jpeg/revision/latest?cb=20240624191448,ViperTail,https://static.wikia.nocookie.net/beyblade/images/9/9d/BladeViperTail.png/revision/latest?cb=20250818205656,n/a,n/a,n/a,n/a,n/a,n/a,5-70,https://static.wikia.nocookie.net/beyblade/images/c/cc/Ratchet5-70.png/revision/latest?cb=20240215060642,n/a,n/a,Dot,https://static.wikia.nocookie.net/beyblade/images/b/b2/BitDot.png/revision/latest?cb=20240614034756
ViperTail 5-80O,https://static.wikia.nocookie.net/beyblade/images/0/09/ViperTail_5-80O.jpeg/revision/latest/scale-to-width-down/393?cb=20230914153122,ViperTail,https://static.wikia.nocookie.net/beyblade/images/9/9d/BladeViperTail.png/revision/latest?cb=20250818205656,n/a,n/a,n/a,n/a,n/a,n/a,5-80,https://static.wikia.nocookie.net/beyblade/images/4/42/Ratchet5-80.png/revision/latest?cb=20230918165909,n/a,n/a,Orb,https://static.wikia.nocookie.net/beyblade/images/1/17/BitOrb.png/revision/latest?cb=20230918165916
WeissTiger 3-60U,https://static.wikia.nocookie.net/beyblade/images/3/3a/WeissTiger_3-60U.jpeg/revision/latest/scale-to-width-down/400?cb=20240514162721,WeissTiger,https://static.wikia.nocookie.net/beyblade/images/3/37/BladeWeissTiger.png/revision/latest?cb=20240515052303,n/a,n/a,n/a,n/a,n/a,n/a,3-60,https://static.wikia.nocookie.net/beyblade/images/1/1b/Ratchet3-60.png/revision/latest?cb=20240913063429,n/a,n/a,Unite,https://static.wikia.nocookie.net/beyblade/images/a/a0/BitUnite.png/revision/latest?cb=20240515052315
WeissTiger 4-80LR,https://static.wikia.nocookie.net/beyblade/images/a/ae/WeissTiger_4-80LR.png/revision/latest/scale-to-width-down/400?cb=20251114044909,WeissTiger,https://static.wikia.nocookie.net/beyblade/images/3/37/BladeWeissTiger.png/revision/latest?cb=20240515052303,n/a,n/a,n/a,n/a,n/a,n/a,4-80,https://static.wikia.nocookie.net/beyblade/images/a/ae/Ratchet4-80.png/revision/latest?cb=20250608045210,n/a,n/a,Low Rush,https://static.wikia.nocookie.net/beyblade/images/3/36/BitLowRush.png/revision/latest?cb=20241115024042
WhaleFlame M3-85HT,https://static.wikia.nocookie.net/beyblade/images/4/42/WhaleFlame_M3-85HT.png/revision/latest/scale-to-width-down/396?cb=20250613031920,n/a,n/a,Flame,https://static.wikia.nocookie.net/beyblade/images/9/99/MainBladeFlame.png/revision/latest?cb=20250613042102,Massive,https://static.wikia.nocookie.net/beyblade/images/2/23/AssistBladeMassive.png/revision/latest?cb=20250613042947,Whale,https://static.wikia.nocookie.net/beyblade/images/7/75/LockChipWhale.png/revision/latest?cb=20250613042706,3-85,https://static.wikia.nocookie.net/beyblade/images/b/b8/Ratchet3-85.png/revision/latest?cb=20260202220915,n/a,n/a,High Taper,https://static.wikia.nocookie.net/beyblade/images/b/b5/BitHighTaper.png/revision/latest?cb=20231014024512
WhaleWave 3-80GB,https://static.wikia.nocookie.net/beyblade/images/b/b0/WhaleWave_3-80GB.png/revision/latest/scale-to-width-down/400?cb=20240809032509,WhaleWave,https://static.wikia.nocookie.net/beyblade/images/8/89/BladeWhaleWave.png/revision/latest?cb=20240812022438,n/a,n/a,n/a,n/a,n/a,n/a,3-80,https://static.wikia.nocookie.net/beyblade/images/6/69/Ratchet3-80.png/revision/latest?cb=20250609060206,n/a,n/a,Gear Ball,https://static.wikia.nocookie.net/beyblade/images/9/97/BitGearBall.png/revision/latest?cb=20231115091947
WhaleWave 4-70HN,https://static.wikia.nocookie.net/beyblade/images/5/59/WhaleWave_4-70HN.png/revision/latest/scale-to-width-down/400?cb=20240809032454,WhaleWave,https://static.wikia.nocookie.net/beyblade/images/8/89/BladeWhaleWave.png/revision/latest?cb=20240812022438,n/a,n/a,n/a,n/a,n/a,n/a,4-70,https://static.wikia.nocookie.net/beyblade/images/1/16/Ratchet4-70.png/revision/latest?cb=20240524163324,n/a,n/a,High Needle,https://static.wikia.nocookie.net/beyblade/images/2/2f/BitHighNeedle.png/revision/latest?cb=20230808063846
WhaleWave 5-80E,https://static.wikia.nocookie.net/beyblade/images/2/2e/WhaleWave_5-80E.png/revision/latest/scale-to-width-down/400?cb=20240809032425,WhaleWave,https://static.wikia.nocookie.net/beyblade/images/8/89/BladeWhaleWave.png/revision/latest?cb=20240812022438,n/a,n/a,n/a,n/a,n/a,n/a,5-80,https://static.wikia.nocookie.net/beyblade/images/4/42/Ratchet5-80.png/revision/latest?cb=20230918165909,n/a,n/a,Elevate,https://static.wikia.nocookie.net/beyblade/images/3/38/BitElevate.png/revision/latest?cb=20240812022551
WhaleWave 7-60K,https://static.wikia.nocookie.net/beyblade/images/7/72/WhaleWave_7-60K.png/revision/latest/scale-to-width-down/400?cb=20250314031423,WhaleWave,https://static.wikia.nocookie.net/beyblade/images/8/89/BladeWhaleWave.png/revision/latest?cb=20240812022438,n/a,n/a,n/a,n/a,n/a,n/a,7-60,https://static.wikia.nocookie.net/beyblade/images/3/39/Ratchet7-60.png/revision/latest?cb=20240712055419,n/a,n/a,Kick,https://static.wikia.nocookie.net/beyblade/images/4/47/BitKick.png/revision/latest?cb=20250314041641
WizardArc R4-55LO,https://static.wikia.nocookie.net/beyblade/images/9/9a/WizardArc_R4-55LO.png/revision/latest/scale-to-width-down/400?cb=20250215034148,n/a,n/a,Arc,https://static.wikia.nocookie.net/beyblade/images/f/f5/MainBladeArc.png/revision/latest?cb=20250801190723,Round,https://static.wikia.nocookie.net/beyblade/images/3/3c/AssistBladeRound.png/revision/latest?cb=20250215050554,Wizard,https://static.wikia.nocookie.net/beyblade/images/4/43/LockChipWizard.png/revision/latest?cb=20250215050531,4-55,https://static.wikia.nocookie.net/beyblade/images/7/7a/Ratchet4-55.png/revision/latest?cb=20250605000210,n/a,n/a,Low Orb,https://static.wikia.nocookie.net/beyblade/images/f/f4/BitLowOrb.png/revision/latest?cb=20250215050618
WizardArrow 3-60T,https://static.wikia.nocookie.net/beyblade/images/2/2b/WizardArrow_3-60T.png/revision/latest?cb=20230812090416,WizardArrow,https://static.wikia.nocookie.net/beyblade/images/4/44/BladeWizardArrow.png/revision/latest?cb=20250626062049,n/a,n/a,n/a,n/a,n/a,n/a,3-60,https://static.wikia.nocookie.net/beyblade/images/1/1b/Ratchet3-60.png/revision/latest?cb=20240913063429,n/a,n/a,Taper,https://static.wikia.nocookie.net/beyblade/images/a/ad/BitTaper.png/revision/latest?cb=20250317055452
WizardArrow 4-60N,https://static.wikia.nocookie.net/beyblade/images/e/ee/WizardArrow_4-60N.jpeg/revision/latest/scale-to-width-down/400?cb=20230517053035,WizardArrow,https://static.wikia.nocookie.net/beyblade/images/4/44/BladeWizardArrow.png/revision/latest?cb=20250626062049,n/a,n/a,n/a,n/a,n/a,n/a,4-60,https://static.wikia.nocookie.net/beyblade/images/4/46/Ratchet4-60.png/revision/latest?cb=20250317055414,n/a,n/a,Needle,https://static.wikia.nocookie.net/beyblade/images/2/26/BitNeedle.png/revision/latest?cb=20250609060238
WizardArrow 4-80B,https://static.wikia.nocookie.net/beyblade/images/6/6d/WizardArrow_4-80B.jpeg/revision/latest/scale-to-width-down/400?cb=20230517044837,WizardArrow,https://static.wikia.nocookie.net/beyblade/images/4/44/BladeWizardArrow.png/revision/latest?cb=20250626062049,n/a,n/a,n/a,n/a,n/a,n/a,4-80,https://static.wikia.nocookie.net/beyblade/images/a/ae/Ratchet4-80.png/revision/latest?cb=20250608045210,n/a,n/a,Ball,https://static.wikia.nocookie.net/beyblade/images/8/8c/BitBall.png/revision/latest?cb=20250608045235
WizardArrow 4-80GB,https://static.wikia.nocookie.net/beyblade/images/4/44/WizardArrow_4-80GB.jpeg/revision/latest?cb=20231213161617,WizardArrow,https://static.wikia.nocookie.net/beyblade/images/4/44/BladeWizardArrow.png/revision/latest?cb=20250626062049,n/a,n/a,n/a,n/a,n/a,n/a,4-80,https://static.wikia.nocookie.net/beyblade/images/a/ae/Ratchet4-80.png/revision/latest?cb=20250608045210,n/a,n/a,Gear Ball,https://static.wikia.nocookie.net/beyblade/images/9/97/BitGearBall.png/revision/latest?cb=20231115091947
WizardArrow 4-80N,https://static.wikia.nocookie.net/beyblade/images/7/70/WizardArrow_4-80N.jpeg/revision/latest/scale-to-width-down/400?cb=20250821174909,WizardArrow,https://static.wikia.nocookie.net/beyblade/images/4/44/BladeWizardArrow.png/revision/latest?cb=20250626062049,n/a,n/a,n/a,n/a,n/a,n/a,4-80,https://static.wikia.nocookie.net/beyblade/images/a/ae/Ratchet4-80.png/revision/latest?cb=20250608045210,n/a,n/a,Needle,https://static.wikia.nocookie.net/beyblade/images/2/26/BitNeedle.png/revision/latest?cb=20250609060238
WizardRod 1-60R,https://static.wikia.nocookie.net/beyblade/images/5/56/WizardRod_1-60R.jpeg/revision/latest?cb=20240624191835,WizardRod,https://static.wikia.nocookie.net/beyblade/images/a/a3/BladeWizardRod.png/revision/latest?cb=20240222003334,n/a,n/a,n/a,n/a,n/a,n/a,1-60,https://static.wikia.nocookie.net/beyblade/images/3/3a/Ratchet1-60.png/revision/latest?cb=20240215060550,n/a,n/a,Rush,https://static.wikia.nocookie.net/beyblade/images/e/e1/BitRush.png/revision/latest?cb=20231014022216
WizardRod 5-70DB,https://static.wikia.nocookie.net/beyblade/images/c/c4/WizardRod_5-70DB.jpg/revision/latest/scale-to-width-down/400?cb=20240217041400,WizardRod,https://static.wikia.nocookie.net/beyblade/images/a/a3/BladeWizardRod.png/revision/latest?cb=20240222003334,n/a,n/a,n/a,n/a,n/a,n/a,5-70,https://static.wikia.nocookie.net/beyblade/images/c/cc/Ratchet5-70.png/revision/latest?cb=20240215060642,n/a,n/a,Disk Ball,https://static.wikia.nocookie.net/beyblade/images/1/10/BitDiskBall.png/revision/latest?cb=20240215060650
WolfHunt F0-60DB,https://static.wikia.nocookie.net/beyblade/images/b/b2/WolfHunt_F0-60DB.jpeg/revision/latest/scale-to-width-down/400?cb=20251014150822,n/a,n/a,Hunt,https://static.wikia.nocookie.net/beyblade/images/4/4d/MainBladeHunt.png/revision/latest?cb=20251015205016,Free,https://static.wikia.nocookie.net/beyblade/images/b/be/AssistBladeFree.png/revision/latest?cb=20251015205027,Wolf,https://static.wikia.nocookie.net/beyblade/images/6/6a/LockChipWolf.png/revision/latest?cb=20251015204952,0-60,https://static.wikia.nocookie.net/beyblade/images/2/20/Ratchet0-60.png/revision/latest?cb=20251015205044,n/a,n/a,Disk Ball,https://static.wikia.nocookie.net/beyblade/images/1/10/BitDiskBall.png/revision/latest?cb=20240215060650
WyvernGale 0-80C,https://static.wikia.nocookie.net/beyblade/images/f/f1/WyvernGale_0-80C.png/revision/latest/scale-to-width-down/400?cb=20241115031256,WyvernGale,https://static.wikia.nocookie.net/beyblade/images/3/3d/BladeWyvernGale.png/revision/latest?cb=20231115091914,n/a,n/a,n/a,n/a,n/a,n/a,0-80,https://static.wikia.nocookie.net/beyblade/images/a/ac/Ratchet0-80.png/revision/latest?cb=20241115025146,n/a,n/a,Cyclone,https://static.wikia.nocookie.net/beyblade/images/f/fb/BitCyclone.png/revision/latest?cb=20240614034151
WyvernGale 2-60S,https://static.wikia.nocookie.net/beyblade/images/8/89/WyvernGale_2-60S.jpeg/revision/latest?cb=20240711224736,WyvernGale,https://static.wikia.nocookie.net/beyblade/images/3/3d/BladeWyvernGale.png/revision/latest?cb=20231115091914,n/a,n/a,n/a,n/a,n/a,n/a,2-60,https://static.wikia.nocookie.net/beyblade/images/a/a6/Ratchet2-60.png/revision/latest?cb=20240614034142,n/a,n/a,Spike,https://static.wikia.nocookie.net/beyblade/images/7/7d/BitSpike.png/revision/latest?cb=20231014012757
WyvernGale 3-60T,https://static.wikia.nocookie.net/beyblade/images/0/02/WyvernGale_3-60T.jpeg/revision/latest/scale-to-width-down/400?cb=20241117065414,WyvernGale,https://static.wikia.nocookie.net/beyblade/images/3/3d/BladeWyvernGale.png/revision/latest?cb=20231115091914,n/a,n/a,n/a,n/a,n/a,n/a,3-60,https://static.wikia.nocookie.net/beyblade/images/1/1b/Ratchet3-60.png/revision/latest?cb=20240913063429,n/a,n/a,Taper,https://static.wikia.nocookie.net/beyblade/images/a/ad/BitTaper.png/revision/latest?cb=20250317055452
WyvernGale 5-80GB,https://static.wikia.nocookie.net/beyblade/images/8/89/WyvernGale_5-80GB.jpeg/revision/latest?cb=20231114155745,WyvernGale,https://static.wikia.nocookie.net/beyblade/images/3/3d/BladeWyvernGale.png/revision/latest?cb=20231115091914,n/a,n/a,n/a,n/a,n/a,n/a,5-80,https://static.wikia.nocookie.net/beyblade/images/4/42/Ratchet5-80.png/revision/latest?cb=20230918165909,n/a,n/a,Gear Ball,https://static.wikia.nocookie.net/beyblade/images/9/97/BitGearBall.png/revision/latest?cb=20231115091947
WyvernHover 2-80GN,https://static.wikia.nocookie.net/beyblade/images/e/ef/WyvernHover_2-80GN.jpg/revision/latest/scale-to-width-down/400?cb=20251011212825,WyvernHover,https://static.wikia.nocookie.net/beyblade/images/7/71/Hover_Wyvern_3-85N.jpeg/revision/latest?cb=20250612062923,n/a,n/a,n/a,n/a,n/a,n/a,2-80,https://static.wikia.nocookie.net/beyblade/images/d/dc/Ratchet2-80.png/revision/latest?cb=20240527053613,n/a,n/a,Gear Needle,https://static.wikia.nocookie.net/beyblade/images/9/9d/BitGearNeedle.png/revision/latest?cb=20240116063659
XenoXcalibur 3-60GF,https://static.wikia.nocookie.net/beyblade/images/6/61/XenoXcalibur_3-60GF.jpg/revision/latest/scale-to-width-down/374?cb=20250322045546,XenoXcalibur,https://static.wikia.nocookie.net/beyblade/images/b/bb/BladeXenoXcalibur.png/revision/latest?cb=20250322231907,n/a,n/a,n/a,n/a,n/a,n/a,3-60,https://static.wikia.nocookie.net/beyblade/images/1/1b/Ratchet3-60.png/revision/latest?cb=20240913063429,n/a,n/a,Gear Flat,https://static.wikia.nocookie.net/beyblade/images/b/bd/BitGearFlat.png/revision/latest?cb=20231115091943
