Lock Chip,Over Blade,Main/Metal Blade (CX) / Blade (UX/BX),Assist Blade,Ratchet,Bit,Points,Sample Size (Win Count),Combo Rank,Rank Change,Lock Chip Usage (Sample Size),Over Blade Usage (Sample Size),Main/Metal Blade (CX) / Blade (UX/BX) Usage (Sample Size),Assist Blade Usage (Sample Size),Ratchet Usage (Sample Size),Bit Usage (Sample Size),Blade Rank,Assist Blade Rank,Ratchet Rank,Bit Rank,Combo ID,,Lock Chip Name,Lock Chip Points,,Over Blade Name,Over Blade Points,,Main/Metal Blade (CX) / Blade (UX/BX) Name,Main/Metal Blade (CX) / Blade (UX/BX) Points,,Assist Blade Name,Assist Blade Points,,Ratchet Name,Ratchet Points,,Bit Name,Bit Points
,,WizardRod,,1-60,Hexa,198,198,1,—,,,329,,406,294,2,,1,1,None-None-WizardRod-None-1-60-Hexa,,Plastic,89,,Break,27,,WizardRod,329,,Free,8,,1-60,406,,Hexa,294
,,SharkScale,,1-70,LowRush,72,72,2,—,,,367,,154,275,1,,5,2,None-None-SharkScale-None-1-70-LowRush,,Metal,68,,Flow,18,,SharkScale,367,,Heavy,91,,1-70,154,,LowRush,275
,,CobaltDragoon,,5-60,Elevate,53,53,3,⬆️ 1,,,103,,77,110,4,,7,7,None-None-CobaltDragoon-None-5-60-Elevate,,,,,Guard,13,,CobaltDragoon,103,,Wheel,22,,5-60,77,,Elevate,110
,,AeroPegasus,,1-50,Rush,36,36,4,⬆️ 210,,,189,,160,228,3,,4,3,None-None-AeroPegasus-None-1-50-Rush,,,,,,,,AeroPegasus,189,,Jaggy,8,,1-50,160,,Rush,228
,,SharkScale,,3-60,LowRush,32,32,5,⬇️ 2,,,367,,169,275,1,,3,2,None-None-SharkScale-None-3-60-LowRush,,,,,,,,MeteorDragoon,63,,Erase,4,,3-60,169,,FreeBall,158
,,AeroPegasus,,1-60,Rush,31,31,6,⬆️ 7,,,189,,406,228,3,,1,3,None-None-AeroPegasus-None-1-60-Rush,,,,,,,,SilverWolf,54,,Zillion,2,,9-60,266,,Level,114
,,CobaltDragoon,,9-60,Elevate,28,28,7,⬇️ 2,,,103,,266,110,4,,2,7,None-None-CobaltDragoon-None-9-60-Elevate,,,,,,,,PhoenixWing,66,,Knuckle,5,,7-60,112,,Kick,117
,,SharkScale,,9-60,FreeBall,26,26,8,⬆️ 8,,,367,,266,158,1,,2,4,None-None-SharkScale-None-9-60-FreeBall,,,,,,,,Blast,63,,Vertical,6,,6-60,40,,LowOrb,50
,,WizardRod,,1-60,FreeBall,26,26,8,⬇️ 1,,,329,,406,158,2,,1,4,None-None-WizardRod-None-1-60-FreeBall,,,,,,,,ClockMirage,31,,Slash,4,,7-70,31,,Ball,33
,,SharkScale,,1-50,LowRush,23,23,10,⬆️ 38,,,367,,160,275,1,,4,2,None-None-SharkScale-None-1-50-LowRush,,,,,,,,Blitz,25,,Massive,2,,7-55,17,,Taper,20
,,MeteorDragoon,,7-60,Level,18,18,11,⬇️ 5,,,63,,112,114,6,,6,6,None-None-MeteorDragoon-None-7-60-Level,,,,,,,,OrochiCluster,10,,Dual,2,,4-55,12,,Jolt,33
,,WizardRod,,6-60,Hexa,18,18,11,⬇️ 1,,,329,,40,294,2,,8,1,None-None-WizardRod-None-6-60-Hexa,,,,,,,,ScorpioSpear,13,,Turn,1,,4-50,27,,Unite,9
,,SilverWolf,,9-60,FreeBall,17,17,13,⬇️ 4,,,54,,266,158,8,,2,4,None-None-SilverWolf-None-9-60-FreeBall,,,,,,,,GolemRock,27,,Assault,2,,3-80,7,,Wedge,28
,,SharkScale,,3-60,Rush,16,16,14,—,,,367,,169,228,1,,3,3,None-None-SharkScale-None-3-60-Rush,,,,,,,,TyrannoBeat,19,,,,,0-60,4,,UnderNeedle,16
,,AeroPegasus,,7-60,Rush,15,15,15,⬆️ 3,,,189,,112,228,3,,6,3,None-None-AeroPegasus-None-7-60-Rush,,,,,,,,HellsScythe,5,,,,,3-70,9,,Ignition,10
,,SharkScale,,1-60,LowRush,14,14,16,⬇️ 2,,,367,,406,275,1,,1,2,None-None-SharkScale-None-1-60-LowRush,,,,,,,,MummyCurse,16,,,,,9-70,20,,RubberAccel,5
,,PhoenixWing,,3-60,Rush,12,12,17,⬆️ 2,,,66,,169,228,5,,3,3,None-None-PhoenixWing-None-3-60-Rush,,,,,,,,UnicornSting,5,,,,,5-70,5,,Point,19
,,WizardRod,,9-60,FreeBall,12,12,17,⬇️ 9,,,329,,266,158,2,,2,4,None-None-WizardRod-None-9-60-FreeBall,,,,,,,,HoverWyvern,8,,,,,1-80,11,,Yielding,4
,,SharkScale,,1-60,Rush,11,11,19,⬇️ 7,,,367,,406,228,1,,1,3,None-None-SharkScale-None-1-60-Rush,,,,,,,,KnightMail,9,,,,,4-60,7,,Quake,6
,,MeteorDragoon,,7-70,Level,9,9,20,⬇️ 9,,,63,,31,114,6,,9,6,None-None-MeteorDragoon-None-7-70-Level,,,,,,,,Rage,17,,,,,8-70,14,,LowFlat,5
,,SharkScale,,1-70,Kick,9,9,20,⬆️ 99,,,367,,154,117,1,,5,5,None-None-SharkScale-None-1-70-Kick,,,,,,,,GhostCircle,3,,,,,7-80,2,,Flat,6
,,SharkScale,,1-50,Rush,9,9,20,⬆️ 28,,,367,,160,228,1,,4,3,None-None-SharkScale-None-1-50-Rush,,,,,,,,CrimsonGaruda,3,,,,,2-80,1,,UnderFlat,5
,,AeroPegasus,,1-70,Rush,9,9,20,⬆️ 70,,,189,,154,228,3,,5,3,None-None-AeroPegasus-None-1-70-Rush,,,,,,,,ShinobiShadow,3,,,,,2-70,1,,Vortex,1
,,SharkScale,,1-60,FreeBall,8,8,24,⬆️ 190,,,367,,406,158,1,,1,4,None-None-SharkScale-None-1-60-FreeBall,,,,,,,,Volt,1,,,,,2-60,1,,Dot,1
Plastic,,Blast,Free,9-60,Elevate,1,1,171,New,,,63,8,266,110,6,3,2,7,Plastic-None-Blast-Free-9-60-Elevate,,,,,,,,HellsHammer,3,,,,,5-80,1,,Orb,3
,,SharkScale,,3-60,FreeBall,7,7,26,⬆️ 15,,,367,,169,158,1,,3,4,None-None-SharkScale-None-3-60-FreeBall,,,,,,,,DranBuster,8,,,,,9-65,4,,WallBall,3
,,PhoenixWing,,3-60,LowRush,7,7,26,⬇️ 1,,,66,,169,275,5,,3,2,None-None-PhoenixWing-None-3-60-LowRush,,,,,,,,DranSword,5,,,,,M-85,4,,Merge,4
,,WizardRod,,7-60,Hexa,7,7,26,⬆️ 22,,,329,,112,294,2,,6,1,None-None-WizardRod-None-7-60-Hexa,,,,,,,,SphinxCowl,2,,,,,3-85,3,,Accel,1
,,AeroPegasus,,1-60,Level,7,7,26,⬆️ 48,,,189,,406,114,3,,1,6,None-None-AeroPegasus-None-1-60-Level,,,,,,,,PhoenixRudder,6,,,,,9-80,2,,Cyclone,2
,,AeroPegasus,,1-70,LowRush,7,7,26,⬆️ 48,,,189,,154,275,3,,5,2,None-None-AeroPegasus-None-1-70-LowRush,,,,,,,,Flare,12,,,,,0-80,2,,WallWedge,1
,,ClockMirage,,7-55,LowOrb,7,7,26,⬆️ 5,,,31,,17,50,9,,12,8,None-None-ClockMirage-None-7-55-LowOrb,,,,,,,,LightningL-Drago,2,,,,,6-70,2,,TransPoint,1
,,ClockMirage,,4-55,LowOrb,7,7,26,⬆️ 34,,,31,,12,50,9,,14,8,None-None-ClockMirage-None-4-55-LowOrb,,,,,,,,SharkEdge,4,,,,,4-70,1,,TransKick,4
,,SharkScale,,4-50,LowRush,6,6,33,⬇️ 5,,,367,,27,275,1,,10,2,None-None-SharkScale-None-4-50-LowRush,,,,,,,,StormPegasis,1,,,,,,,,Glide,1
,,SharkScale,,1-50,Kick,6,6,33,New,,,367,,160,117,1,,4,5,None-None-SharkScale-None-1-50-Kick,,,,,,,,DranzerSpiral,1,,,,,,,,Zap,1
,,PhoenixWing,,1-50,Rush,6,6,33,New,,,66,,160,228,5,,4,3,None-None-PhoenixWing-None-1-50-Rush,,,,,,,,CobaltDrake,1,,,,,,,,GearFlat,1
,,WizardRod,,1-70,Hexa,6,6,33,⬇️ 11,,,329,,154,294,2,,5,1,None-None-WizardRod-None-1-70-Hexa,,,,,,,,TyrannoRoar,4,,,,,,,,HighTaper,1
Plastic,Break,Blitz,Heavy,1-50,LowRush,6,6,33,New,,,25,91,160,275,11,1,4,2,Plastic-Break-Blitz-Heavy-1-50-LowRush,,,,,,,,RockLeone,3,,,,,,,,GearBall,2
,,SharkScale,,1-70,Rush,5,5,38,⬇️ 3,,,367,,154,228,1,,5,3,None-None-SharkScale-None-1-70-Rush,,,,,,,,MammothTusk,2,,,,,,,,,
,,SharkScale,,1-50,FreeBall,5,5,38,New,,,367,,160,158,1,,4,4,None-None-SharkScale-None-1-50-FreeBall,,,,,,,,OptimusPrimal,2,,,,,,,,,
,,SharkScale,,1-70,FreeBall,5,5,38,⬆️ 10,,,367,,154,158,1,,5,4,None-None-SharkScale-None-1-70-FreeBall,,,,,,,,Fortress,15,,,,,,,,,
,,SharkScale,,3-60,Level,5,5,38,⬆️ 176,,,367,,169,114,1,,3,6,None-None-SharkScale-None-3-60-Level,,,,,,,,WeissTiger,5,,,,,,,,,
,,SharkScale,,9-60,Rush,5,5,38,⬆️ 52,,,367,,266,228,1,,2,3,None-None-SharkScale-None-9-60-Rush,,,,,,,,Hunt,2,,,,,,,,,
,,SharkScale,,9-60,LowRush,5,5,38,⬇️ 3,,,367,,266,275,1,,2,2,None-None-SharkScale-None-9-60-LowRush,,,,,,,,WhaleWave,4,,,,,,,,,
,,WizardRod,,1-60,Ball,5,5,38,⬆️ 52,,,329,,406,33,2,,1,9,None-None-WizardRod-None-1-60-Ball,,,,,,,,Fang,2,,,,,,,,,
,,WizardRod,,9-60,Ball,5,5,38,⬇️ 19,,,329,,266,33,2,,2,9,None-None-WizardRod-None-9-60-Ball,,,,,,,,Hornet,2,,,,,,,,,
,,WizardRod,,3-60,Hexa,5,5,38,⬆️ 22,,,329,,169,294,2,,3,1,None-None-WizardRod-None-3-60-Hexa,,,,,,,,Might,4,,,,,,,,,
,,AeroPegasus,,3-60,Rush,5,5,38,⬇️ 22,,,189,,169,228,3,,3,3,None-None-AeroPegasus-None-3-60-Rush,,,,,,,,SamuraiSaber,5,,,,,,,,,
,,AeroPegasus,,3-60,LowRush,5,5,38,⬇️ 7,,,189,,169,275,3,,3,2,None-None-AeroPegasus-None-3-60-LowRush,,,,,,,,SamuraiCalibur,8,,,,,,,,,
,,AeroPegasus,,9-60,Rush,5,5,38,⬆️ 10,,,189,,266,228,3,,2,3,None-None-AeroPegasus-None-9-60-Rush,,,,,,,,XenoXcalibur,2,,,,,,,,,
,,CobaltDragoon,,1-60,Elevate,5,5,38,⬆️ 176,,,103,,406,110,4,,1,7,None-None-CobaltDragoon-None-1-60-Elevate,,,,,,,,PteraSwing,2,,,,,,,,,
,,ClockMirage,,7-55,FreeBall,5,5,38,⬇️ 7,,,31,,17,158,9,,12,4,None-None-ClockMirage-None-7-55-FreeBall,,,,,,,,TriceraPress,2,,,,,,,,,
,,SilverWolf,,9-60,LowOrb,5,5,38,⬆️ 3,,,54,,266,50,8,,2,8,None-None-SilverWolf-None-9-60-LowOrb,,,,,,,,OptimusPrime,1,,,,,,,,,
,,MeteorDragoon,,9-60,Level,4,4,53,⬆️ 66,,,63,,266,114,6,,2,6,None-None-MeteorDragoon-None-9-60-Level,,,,,,,,PhoenixFeather,2,,,,,,,,,
,,SharkScale,,7-60,LowRush,4,4,53,⬇️ 25,,,367,,112,275,1,,6,2,None-None-SharkScale-None-7-60-LowRush,,,,,,,,Eclipse,7,,,,,,,,,
,,SharkScale,,7-70,LowRush,4,4,53,⬆️ 66,,,367,,31,275,1,,9,2,None-None-SharkScale-None-7-70-LowRush,,,,,,,,Brush,1,,,,,,,,,
,,SharkScale,,3-60,Taper,4,4,53,New,,,367,,169,20,1,,3,12,None-None-SharkScale-None-3-60-Taper,,,,,,,,WizardArrow,1,,,,,,,,,
,,SharkScale,,3-60,Kick,4,4,53,⬆️ 37,,,367,,169,117,1,,3,5,None-None-SharkScale-None-3-60-Kick,,,,,,,,ShinobiKnife,1,,,,,,,,,
,,SharkScale,,1-50,Jolt,4,4,53,New,,,367,,160,33,1,,4,9,None-None-SharkScale-None-1-50-Jolt,,,,,,,,Arc,1,,,,,,,,,
,,PhoenixWing,,7-60,Rush,4,4,53,⬇️ 32,,,66,,112,228,5,,6,3,None-None-PhoenixWing-None-7-60-Rush,,,,,,,,Brave,3,,,,,,,,,
,,WizardRod,,9-60,LowOrb,4,4,53,⬇️ 5,,,329,,266,50,2,,2,8,None-None-WizardRod-None-9-60-LowOrb,,,,,,,,Stag,1,,,,,,,,,
,,AeroPegasus,,1-50,Kick,4,4,53,New,,,189,,160,117,3,,4,5,None-None-AeroPegasus-None-1-50-Kick,,,,,,,,ImpactDrake,4,,,,,,,,,
,,AeroPegasus,,1-70,Level,4,4,53,⬆️ 161,,,189,,154,114,3,,5,6,None-None-AeroPegasus-None-1-70-Level,,,,,,,,ShelterDrake,2,,,,,,,,,
,,AeroPegasus,,9-60,Kick,4,4,53,⬆️ 7,,,189,,266,117,3,,2,5,None-None-AeroPegasus-None-9-60-Kick,,,,,,,,KnightShield,2,,,,,,,,,
,,AeroPegasus,,1-50,LowRush,4,4,53,New,,,189,,160,275,3,,4,2,None-None-AeroPegasus-None-1-50-LowRush,,,,,,,,HellsChain,2,,,,,,,,,
,,AeroPegasus,,9-60,LowRush,4,4,53,⬇️ 12,,,189,,266,275,3,,2,2,None-None-AeroPegasus-None-9-60-LowRush,,,,,,,,MoffGideon,1,,,,,,,,,
,,SilverWolf,,3-80,FreeBall,4,4,53,⬆️ 161,,,54,,7,158,8,,17,4,None-None-SilverWolf-None-3-80-FreeBall,,,,,,,,CrocCrunch,1,,,,,,,,,
,,MeteorDragoon,,7-70,Elevate,3,3,67,⬆️ 147,,,63,,31,110,6,,9,7,None-None-MeteorDragoon-None-7-70-Elevate,,,,,,,,BlackShell,1,,,,,,,,,
,,MeteorDragoon,,1-50,Level,3,3,67,New,,,63,,160,114,6,,4,6,None-None-MeteorDragoon-None-1-50-Level,,,,,,,,DranDagger,2,,,,,,,,,
,,MeteorDragoon,,5-60,Level,3,3,67,⬇️ 19,,,63,,77,114,6,,7,6,None-None-MeteorDragoon-None-5-60-Level,,,,,,,,Flame,1,,,,,,,,,
,,MeteorDragoon,,9-60,Elevate,3,3,67,⬆️ 7,,,63,,266,110,6,,2,7,None-None-MeteorDragoon-None-9-60-Elevate,,,,,,,,,,,,,,,,,,
,,SharkScale,,4-50,Kick,3,3,67,⬆️ 7,,,367,,27,117,1,,10,5,None-None-SharkScale-None-4-50-Kick,,,,,,,,,,,,,,,,,,
,,SharkScale,,1-70,Level,3,3,67,⬇️ 7,,,367,,154,114,1,,5,6,None-None-SharkScale-None-1-70-Level,,,,,,,,,,,,,,,,,,
,,SharkScale,,9-60,Kick,3,3,67,⬆️ 23,,,367,,266,117,1,,2,5,None-None-SharkScale-None-9-60-Kick,,,,,,,,,,,,,,,,,,
,,SharkScale,,4-50,Jolt,3,3,67,⬆️ 7,,,367,,27,33,1,,10,9,None-None-SharkScale-None-4-50-Jolt,,,,,,,,,,,,,,,,,,
,,SharkScale,,9-60,LowOrb,3,3,67,⬇️ 36,,,367,,266,50,1,,2,8,None-None-SharkScale-None-9-60-LowOrb,,,,,,,,,,,,,,,,,,
,,SharkScale,,1-60,Kick,3,3,67,⬇️ 26,,,367,,406,117,1,,1,5,None-None-SharkScale-None-1-60-Kick,,,,,,,,,,,,,,,,,,
,,PhoenixWing,,3-60,Kick,3,3,67,⬆️ 147,,,66,,169,117,5,,3,5,None-None-PhoenixWing-None-3-60-Kick,,,,,,,,,,,,,,,,,,
,,PhoenixWing,,9-60,Rush,3,3,67,⬇️ 28,,,66,,266,228,5,,2,3,None-None-PhoenixWing-None-9-60-Rush,,,,,,,,,,,,,,,,,,
,,PhoenixWing,,7-60,LowRush,3,3,67,⬆️ 147,,,66,,112,275,5,,6,2,None-None-PhoenixWing-None-7-60-LowRush,,,,,,,,,,,,,,,,,,
,,PhoenixWing,,1-60,Rush,3,3,67,⬇️ 45,,,66,,406,228,5,,1,3,None-None-PhoenixWing-None-1-60-Rush,,,,,,,,,,,,,,,,,,
,,WizardRod,,1-60,LowRush,3,3,67,⬆️ 23,,,329,,406,275,2,,1,2,None-None-WizardRod-None-1-60-LowRush,,,,,,,,,,,,,,,,,,
,,WizardRod,,1-60,Unite,3,3,67,New,,,329,,406,9,2,,1,16,None-None-WizardRod-None-1-60-Unite,,,,,,,,,,,,,,,,,,
,,WizardRod,,9-60,Wedge,3,3,67,⬆️ 52,,,329,,266,28,2,,2,11,None-None-WizardRod-None-9-60-Wedge,,,,,,,,,,,,,,,,,,
,,WizardRod,,1-60,Kick,3,3,67,⬇️ 7,,,329,,406,117,2,,1,5,None-None-WizardRod-None-1-60-Kick,,,,,,,,,,,,,,,,,,
,,WizardRod,,1-60,Wedge,3,3,67,New,,,329,,406,28,2,,1,11,None-None-WizardRod-None-1-60-Wedge,,,,,,,,,,,,,,,,,,
,,AeroPegasus,,3-60,Kick,3,3,67,⬇️ 7,,,189,,169,117,3,,3,5,None-None-AeroPegasus-None-3-60-Kick,,,,,,,,,,,,,,,,,,
,,AeroPegasus,,7-60,LowRush,3,3,67,⬆️ 23,,,189,,112,275,3,,6,2,None-None-AeroPegasus-None-7-60-LowRush,,,,,,,,,,,,,,,,,,
,,AeroPegasus,,1-60,Kick,3,3,67,⬇️ 42,,,189,,406,117,3,,1,5,None-None-AeroPegasus-None-1-60-Kick,,,,,,,,,,,,,,,,,,
,,AeroPegasus,,9-60,Ball,3,3,67,New,,,189,,266,33,3,,2,9,None-None-AeroPegasus-None-9-60-Ball,,,,,,,,,,,,,,,,,,
,,OrochiCluster,,7-60,Kick,3,3,67,⬆️ 7,,,10,,112,117,18,,6,5,None-None-OrochiCluster-None-7-60-Kick,,,,,,,,,,,,,,,,,,
,,ScorpioSpear,,9-60,FreeBall,3,3,67,New,,,13,,266,158,16,,2,4,None-None-ScorpioSpear-None-9-60-FreeBall,,,,,,,,,,,,,,,,,,
,,CobaltDragoon,,1-50,Elevate,3,3,67,New,,,103,,160,110,4,,4,7,None-None-CobaltDragoon-None-1-50-Elevate,,,,,,,,,,,,,,,,,,
,,ClockMirage,,4-55,UnderNeedle,3,3,67,⬆️ 147,,,31,,12,16,9,,14,14,None-None-ClockMirage-None-4-55-UnderNeedle,,,,,,,,,,,,,,,,,,
,,ClockMirage,,7-55,UnderNeedle,3,3,67,⬇️ 7,,,31,,17,16,9,,12,14,None-None-ClockMirage-None-7-55-UnderNeedle,,,,,,,,,,,,,,,,,,
,,GolemRock,,6-60,Kick,3,3,67,⬆️ 147,,,27,,40,117,10,,8,5,None-None-GolemRock-None-6-60-Kick,,,,,,,,,,,,,,,,,,
,,GolemRock,,1-60,Hexa,3,3,67,New,,,27,,406,294,10,,1,1,None-None-GolemRock-None-1-60-Hexa,,,,,,,,,,,,,,,,,,
Plastic,,Blast,Wheel,9-60,FreeBall,1,1,171,New,,,63,22,266,158,6,2,2,4,Plastic-None-Blast-Wheel-9-60-FreeBall,,,,,,,,,,,,,,,,,,
Plastic,,Blast,Heavy,1-50,LowRush,3,3,67,⬆️ 147,,,63,91,160,275,6,1,4,2,Plastic-None-Blast-Heavy-1-50-LowRush,,,,,,,,,,,,,,,,,,
Metal,,Blast,Wheel,9-60,FreeBall,1,1,171,⬆️ 43,,,63,22,266,158,6,2,2,4,Metal-None-Blast-Wheel-9-60-FreeBall,,,,,,,,,,,,,,,,,,
Metal,,Blast,Heavy,3-60,LowRush,3,3,67,⬆️ 7,,,63,91,169,275,6,1,3,2,Metal-None-Blast-Heavy-3-60-LowRush,,,,,,,,,,,,,,,,,,
Metal,,Blast,Free,9-60,FreeBall,1,1,171,⬆️ 43,,,63,8,266,158,6,3,2,4,Metal-None-Blast-Free-9-60-FreeBall,,,,,,,,,,,,,,,,,,
,,SilverWolf,,9-60,Ball,3,3,67,⬆️ 7,,,54,,266,33,8,,2,9,None-None-SilverWolf-None-9-60-Ball,,,,,,,,,,,,,,,,,,
,,SilverWolf,,9-60,Wedge,3,3,67,⬆️ 147,,,54,,266,28,8,,2,11,None-None-SilverWolf-None-9-60-Wedge,,,,,,,,,,,,,,,,,,
,,TyrannoBeat,,1-70,Kick,3,3,67,⬆️ 52,,,19,,154,117,12,,5,5,None-None-TyrannoBeat-None-1-70-Kick,,,,,,,,,,,,,,,,,,
,,MeteorDragoon,,1-50,LowRush,2,2,105,New,,,63,,160,275,6,,4,2,None-None-MeteorDragoon-None-1-50-LowRush,,,,,,,,,,,,,,,,,,
,,MeteorDragoon,,0-60,Level,2,2,105,New,,,63,,4,114,6,,20,6,None-None-MeteorDragoon-None-0-60-Level,,,,,,,,,,,,,,,,,,
,,MeteorDragoon,,3-70,Jolt,2,2,105,⬆️ 109,,,63,,9,33,6,,16,9,None-None-MeteorDragoon-None-3-70-Jolt,,,,,,,,,,,,,,,,,,
,,SharkScale,,9-70,LowRush,2,2,105,⬇️ 45,,,367,,20,275,1,,11,2,None-None-SharkScale-None-9-70-LowRush,,,,,,,,,,,,,,,,,,
,,SharkScale,,5-70,LowRush,2,2,105,New,,,367,,5,275,1,,19,2,None-None-SharkScale-None-5-70-LowRush,,,,,,,,,,,,,,,,,,
,,SharkScale,,3-60,Wedge,2,2,105,⬇️ 15,,,367,,169,28,1,,3,11,None-None-SharkScale-None-3-60-Wedge,,,,,,,,,,,,,,,,,,
,,SharkScale,,7-60,Level,2,2,105,New,,,367,,112,114,1,,6,6,None-None-SharkScale-None-7-60-Level,,,,,,,,,,,,,,,,,,
,,SharkScale,,1-60,Hexa,2,2,105,⬇️ 15,,,367,,406,294,1,,1,1,None-None-SharkScale-None-1-60-Hexa,,,,,,,,,,,,,,,,,,
,,SharkScale,,1-60,LowOrb,2,2,105,⬇️ 45,,,367,,406,50,1,,1,8,None-None-SharkScale-None-1-60-LowOrb,,,,,,,,,,,,,,,,,,
,,SharkScale,,4-50,Ignition,2,2,105,New,,,367,,27,10,1,,10,15,None-None-SharkScale-None-4-50-Ignition,,,,,,,,,,,,,,,,,,
,,SharkScale,,1-50,Hexa,2,2,105,New,,,367,,160,294,1,,4,1,None-None-SharkScale-None-1-50-Hexa,,,,,,,,,,,,,,,,,,
,,SharkScale,,1-50,LowOrb,2,2,105,New,,,367,,160,50,1,,4,8,None-None-SharkScale-None-1-50-LowOrb,,,,,,,,,,,,,,,,,,
,,SharkScale,,7-60,FreeBall,2,2,105,⬆️ 109,,,367,,112,158,1,,6,4,None-None-SharkScale-None-7-60-FreeBall,,,,,,,,,,,,,,,,,,
,,SharkScale,,1-50,Level,2,2,105,New,,,367,,160,114,1,,4,6,None-None-SharkScale-None-1-50-Level,,,,,,,,,,,,,,,,,,
,,SharkScale,,5-60,FreeBall,2,2,105,⬆️ 14,,,367,,77,158,1,,7,4,None-None-SharkScale-None-5-60-FreeBall,,,,,,,,,,,,,,,,,,
,,SharkScale,,4-50,Level,2,2,105,⬇️ 31,,,367,,27,114,1,,10,6,None-None-SharkScale-None-4-50-Level,,,,,,,,,,,,,,,,,,
,,PhoenixWing,,9-60,LowRush,2,2,105,New,,,66,,266,275,5,,2,2,None-None-PhoenixWing-None-9-60-LowRush,,,,,,,,,,,,,,,,,,
,,PhoenixWing,,1-60,Kick,2,2,105,⬆️ 14,,,66,,406,117,5,,1,5,None-None-PhoenixWing-None-1-60-Kick,,,,,,,,,,,,,,,,,,
,,PhoenixWing,,1-60,LowRush,2,2,105,⬇️ 64,,,66,,406,275,5,,1,2,None-None-PhoenixWing-None-1-60-LowRush,,,,,,,,,,,,,,,,,,
,,PhoenixWing,,1-60,Hexa,2,2,105,New,,,66,,406,294,5,,1,1,None-None-PhoenixWing-None-1-60-Hexa,,,,,,,,,,,,,,,,,,
,,WizardRod,,9-60,Hexa,2,2,105,⬇️ 70,,,329,,266,294,2,,2,1,None-None-WizardRod-None-9-60-Hexa,,,,,,,,,,,,,,,,,,
,,WizardRod,,1-60,Rush,2,2,105,⬇️ 31,,,329,,406,228,2,,1,3,None-None-WizardRod-None-1-60-Rush,,,,,,,,,,,,,,,,,,
,,WizardRod,,1-60,Level,2,2,105,New,,,329,,406,114,2,,1,6,None-None-WizardRod-None-1-60-Level,,,,,,,,,,,,,,,,,,
,,WizardRod,,1-60,RubberAccel,2,2,105,New,,,329,,406,5,2,,1,19,None-None-WizardRod-None-1-60-RubberAccel,,,,,,,,,,,,,,,,,,
,,AeroPegasus,,1-70,Point,2,2,105,New,,,189,,154,19,3,,5,13,None-None-AeroPegasus-None-1-70-Point,,,,,,,,,,,,,,,,,,
,,AeroPegasus,,9-60,Taper,2,2,105,New,,,189,,266,20,3,,2,12,None-None-AeroPegasus-None-9-60-Taper,,,,,,,,,,,,,,,,,,
,,AeroPegasus,,1-50,Level,2,2,105,New,,,189,,160,114,3,,4,6,None-None-AeroPegasus-None-1-50-Level,,,,,,,,,,,,,,,,,,
,,AeroPegasus,,9-60,Jolt,2,2,105,New,,,189,,266,33,3,,2,9,None-None-AeroPegasus-None-9-60-Jolt,,,,,,,,,,,,,,,,,,
,,AeroPegasus,,1-70,Kick,2,2,105,⬇️ 15,,,189,,154,117,3,,5,5,None-None-AeroPegasus-None-1-70-Kick,,,,,,,,,,,,,,,,,,
,,AeroPegasus,,9-60,Elevate,2,2,105,New,,,189,,266,110,3,,2,7,None-None-AeroPegasus-None-9-60-Elevate,,,,,,,,,,,,,,,,,,
,,AeroPegasus,,3-60,Level,2,2,105,⬇️ 15,,,189,,169,114,3,,3,6,None-None-AeroPegasus-None-3-60-Level,,,,,,,,,,,,,,,,,,
,,AeroPegasus,,1-80,Rush,2,2,105,New,,,189,,11,228,3,,15,3,None-None-AeroPegasus-None-1-80-Rush,,,,,,,,,,,,,,,,,,
,,HellsScythe,,9-60,Ball,2,2,105,⬆️ 109,,,5,,266,33,25,,2,9,None-None-HellsScythe-None-9-60-Ball,,,,,,,,,,,,,,,,,,
,,MummyCurse,,1-60,Hexa,2,2,105,⬇️ 31,,,16,,406,294,14,,1,1,None-None-MummyCurse-None-1-60-Hexa,,,,,,,,,,,,,,,,,,
,,MummyCurse,,1-60,LowOrb,2,2,105,⬇️ 45,,,16,,406,50,14,,1,8,None-None-MummyCurse-None-1-60-LowOrb,,,,,,,,,,,,,,,,,,
,,MummyCurse,,7-60,LowOrb,2,2,105,⬆️ 14,,,16,,112,50,14,,6,8,None-None-MummyCurse-None-7-60-LowOrb,,,,,,,,,,,,,,,,,,
,,ScorpioSpear,,9-60,Kick,2,2,105,⬆️ 14,,,13,,266,117,16,,2,5,None-None-ScorpioSpear-None-9-60-Kick,,,,,,,,,,,,,,,,,,
,,UnicornSting,,9-60,LowOrb,2,2,105,New,,,5,,266,50,25,,2,8,None-None-UnicornSting-None-9-60-LowOrb,,,,,,,,,,,,,,,,,,
,,UnicornSting,,9-60,FreeBall,2,2,105,⬆️ 14,,,5,,266,158,25,,2,4,None-None-UnicornSting-None-9-60-FreeBall,,,,,,,,,,,,,,,,,,
,,CobaltDragoon,,4-60,Elevate,2,2,105,New,,,103,,7,110,4,,17,7,None-None-CobaltDragoon-None-4-60-Elevate,,,,,,,,,,,,,,,,,,
,,CobaltDragoon,,1-50,Level,2,2,105,New,,,103,,160,114,4,,4,6,None-None-CobaltDragoon-None-1-50-Level,,,,,,,,,,,,,,,,,,
,,CobaltDragoon,,3-60,Elevate,2,2,105,⬆️ 14,,,103,,169,110,4,,3,7,None-None-CobaltDragoon-None-3-60-Elevate,,,,,,,,,,,,,,,,,,
,,GolemRock,,1-80,Hexa,2,2,105,New,,,27,,11,294,10,,15,1,None-None-GolemRock-None-1-80-Hexa,,,,,,,,,,,,,,,,,,
,,GolemRock,,9-60,FreeBall,2,2,105,⬇️ 15,,,27,,266,158,10,,2,4,None-None-GolemRock-None-9-60-FreeBall,,,,,,,,,,,,,,,,,,
,,GolemRock,,1-60,UnderNeedle,2,2,105,⬆️ 109,,,27,,406,16,10,,1,14,None-None-GolemRock-None-1-60-UnderNeedle,,,,,,,,,,,,,,,,,,
Plastic,,Blast,Wheel,1-60,Kick,2,2,105,New,,,63,22,406,117,6,2,1,5,Plastic-None-Blast-Wheel-1-60-Kick,,,,,,,,,,,,,,,,,,
Metal,,Blast,Heavy,9-60,Hexa,1,1,171,⬆️ 43,,,63,91,266,294,6,1,2,1,Metal-None-Blast-Heavy-9-60-Hexa,,,,,,,,,,,,,,,,,,
Metal,,Blast,Heavy,5-60,Kick,2,2,105,New,,,63,91,77,117,6,1,7,5,Metal-None-Blast-Heavy-5-60-Kick,,,,,,,,,,,,,,,,,,
Metal,,Blast,Heavy,7-60,Rush,2,2,105,⬇️ 15,,,63,91,112,228,6,1,6,3,Metal-None-Blast-Heavy-7-60-Rush,,,,,,,,,,,,,,,,,,
Metal,,Blast,Heavy,1-50,Kick,2,2,105,⬆️ 109,,,63,91,160,117,6,1,4,5,Metal-None-Blast-Heavy-1-50-Kick,,,,,,,,,,,,,,,,,,
,,SilverWolf,,9-60,Hexa,2,2,105,⬆️ 14,,,54,,266,294,8,,2,1,None-None-SilverWolf-None-9-60-Hexa,,,,,,,,,,,,,,,,,,
,,SilverWolf,,9-70,Wedge,2,2,105,⬆️ 109,,,54,,20,28,8,,11,11,None-None-SilverWolf-None-9-70-Wedge,,,,,,,,,,,,,,,,,,
,,SilverWolf,,9-70,Hexa,2,2,105,⬆️ 14,,,54,,20,294,8,,11,1,None-None-SilverWolf-None-9-70-Hexa,,,,,,,,,,,,,,,,,,
,,TyrannoBeat,,1-70,Taper,2,2,105,New,,,19,,154,20,12,,5,12,None-None-TyrannoBeat-None-1-70-Taper,,,,,,,,,,,,,,,,,,
,,TyrannoBeat,,1-60,Rush,2,2,105,⬆️ 109,,,19,,406,228,12,,1,3,None-None-TyrannoBeat-None-1-60-Rush,,,,,,,,,,,,,,,,,,
Metal,Break,Blitz,Heavy,1-50,LowRush,2,2,105,New,,,25,91,160,275,11,1,4,2,Metal-Break-Blitz-Heavy-1-50-LowRush,,,,,,,,,,,,,,,,,,
Metal,Break,Blitz,Heavy,7-60,Rush,2,2,105,New,,,25,91,112,228,11,1,6,3,Metal-Break-Blitz-Heavy-7-60-Rush,,,,,,,,,,,,,,,,,,
,,HoverWyvern,,3-60,Kick,2,2,105,New,,,8,,169,117,20,,3,5,None-None-HoverWyvern-None-3-60-Kick,,,,,,,,,,,,,,,,,,
Plastic,Break,Blitz,Heavy,1-50,Kick,2,2,105,New,,,25,91,160,117,11,1,4,5,Plastic-Break-Blitz-Heavy-1-50-Kick,,,,,,,,,,,,,,,,,,
Plastic,Break,Blitz,Heavy,1-70,Jolt,2,2,105,New,,,25,91,154,33,11,1,5,9,Plastic-Break-Blitz-Heavy-1-70-Jolt,,,,,,,,,,,,,,,,,,
,,KnightMail,,7-60,LowRush,2,2,105,⬆️ 14,,,9,,112,275,19,,6,2,None-None-KnightMail-None-7-60-LowRush,,,,,,,,,,,,,,,,,,
Plastic,Flow,Rage,Heavy,7-60,Kick,2,2,105,New,,,17,91,112,117,13,1,6,5,Plastic-Flow-Rage-Heavy-7-60-Kick,,,,,,,,,,,,,,,,,,
Plastic,Flow,Rage,Heavy,1-60,Rush,2,2,105,New,,,17,91,406,228,13,1,1,3,Plastic-Flow-Rage-Heavy-1-60-Rush,,,,,,,,,,,,,,,,,,
Plastic,Flow,Rage,Heavy,9-60,LowRush,2,2,105,New,,,17,91,266,275,13,1,2,2,Plastic-Flow-Rage-Heavy-9-60-LowRush,,,,,,,,,,,,,,,,,,
Plastic,Flow,Rage,Jaggy,3-60,LowRush,2,2,105,New,,,17,8,169,275,13,3,3,2,Plastic-Flow-Rage-Jaggy-3-60-LowRush,,,,,,,,,,,,,,,,,,
,,GhostCircle,,1-80,Yielding,2,2,105,New,,,3,,11,4,35,,15,22,None-None-GhostCircle-None-1-80-Yielding,,,,,,,,,,,,,,,,,,
,,MeteorDragoon,,7-60,Ignition,1,1,171,New,,,63,,112,10,6,,6,15,None-None-MeteorDragoon-None-7-60-Ignition,,,,,,,,,,,,,,,,,,
,,MeteorDragoon,,1-70,Level,1,1,171,⬇️ 52,,,63,,154,114,6,,5,6,None-None-MeteorDragoon-None-1-70-Level,,,,,,,,,,,,,,,,,,
,,MeteorDragoon,,6-60,Elevate,1,1,171,⬆️ 43,,,63,,40,110,6,,8,7,None-None-MeteorDragoon-None-6-60-Elevate,,,,,,,,,,,,,,,,,,
,,MeteorDragoon,,9-60,Ignition,1,1,171,New,,,63,,266,10,6,,2,15,None-None-MeteorDragoon-None-9-60-Ignition,,,,,,,,,,,,,,,,,,
,,MeteorDragoon,,9-60,Taper,1,1,171,New,,,63,,266,20,6,,2,12,None-None-MeteorDragoon-None-9-60-Taper,,,,,,,,,,,,,,,,,,
,,MeteorDragoon,,7-60,Ball,1,1,171,New,,,63,,112,33,6,,6,9,None-None-MeteorDragoon-None-7-60-Ball,,,,,,,,,,,,,,,,,,
,,MeteorDragoon,,1-60,Level,1,1,171,⬇️ 52,,,63,,406,114,6,,1,6,None-None-MeteorDragoon-None-1-60-Level,,,,,,,,,,,,,,,,,,
,,MeteorDragoon,,7-60,Elevate,1,1,171,New,,,63,,112,110,6,,6,7,None-None-MeteorDragoon-None-7-60-Elevate,,,,,,,,,,,,,,,,,,
,,MeteorDragoon,,9-70,Level,1,1,171,⬆️ 43,,,63,,20,114,6,,11,6,None-None-MeteorDragoon-None-9-70-Level,,,,,,,,,,,,,,,,,,
,,MeteorDragoon,,3-60,LowRush,1,1,171,New,,,63,,169,275,6,,3,2,None-None-MeteorDragoon-None-3-60-LowRush,,,,,,,,,,,,,,,,,,
,,MeteorDragoon,,5-60,Elevate,1,1,171,New,,,63,,77,110,6,,7,7,None-None-MeteorDragoon-None-5-60-Elevate,,,,,,,,,,,,,,,,,,
,,MeteorDragoon,,5-70,Elevate,1,1,171,New,,,63,,5,110,6,,19,7,None-None-MeteorDragoon-None-5-70-Elevate,,,,,,,,,,,,,,,,,,
,,MeteorDragoon,,5-70,Level,1,1,171,New,,,63,,5,114,6,,19,6,None-None-MeteorDragoon-None-5-70-Level,,,,,,,,,,,,,,,,,,
,,MeteorDragoon,,8-70,Level,1,1,171,New,,,63,,14,114,6,,13,6,None-None-MeteorDragoon-None-8-70-Level,,,,,,,,,,,,,,,,,,
,,SharkScale,,3-70,LowRush,1,1,171,⬆️ 43,,,367,,9,275,1,,16,2,None-None-SharkScale-None-3-70-LowRush,,,,,,,,,,,,,,,,,,
,,SharkScale,,7-60,Rush,1,1,171,⬇️ 97,,,367,,112,228,1,,6,3,None-None-SharkScale-None-7-60-Rush,,,,,,,,,,,,,,,,,,
,,SharkScale,,9-60,Wedge,1,1,171,New,,,367,,266,28,1,,2,11,None-None-SharkScale-None-9-60-Wedge,,,,,,,,,,,,,,,,,,
,,SharkScale,,1-70,Jolt,1,1,171,⬇️ 136,,,367,,154,33,1,,5,9,None-None-SharkScale-None-1-70-Jolt,,,,,,,,,,,,,,,,,,
,,SharkScale,,1-60,Quake,1,1,171,New,,,367,,406,6,1,,1,17,None-None-SharkScale-None-1-60-Quake,,,,,,,,,,,,,,,,,,
,,SharkScale,,1-60,UnderNeedle,1,1,171,New,,,367,,406,16,1,,1,14,None-None-SharkScale-None-1-60-UnderNeedle,,,,,,,,,,,,,,,,,,
,,SharkScale,,1-50,Point,1,1,171,New,,,367,,160,19,1,,4,13,None-None-SharkScale-None-1-50-Point,,,,,,,,,,,,,,,,,,
,,SharkScale,,9-70,Rush,1,1,171,⬇️ 81,,,367,,20,228,1,,11,3,None-None-SharkScale-None-9-70-Rush,,,,,,,,,,,,,,,,,,
,,SharkScale,,1-60,LowFlat,1,1,171,New,,,367,,406,5,1,,1,19,None-None-SharkScale-None-1-60-LowFlat,,,,,,,,,,,,,,,,,,
,,SharkScale,,1-70,Taper,1,1,171,New,,,367,,154,20,1,,5,12,None-None-SharkScale-None-1-70-Taper,,,,,,,,,,,,,,,,,,
,,SharkScale,,1-50,RubberAccel,1,1,171,New,,,367,,160,5,1,,4,19,None-None-SharkScale-None-1-50-RubberAccel,,,,,,,,,,,,,,,,,,
,,SharkScale,,1-50,Flat,1,1,171,New,,,367,,160,6,1,,4,17,None-None-SharkScale-None-1-50-Flat,,,,,,,,,,,,,,,,,,
,,SharkScale,,3-60,Unite,1,1,171,New,,,367,,169,9,1,,3,16,None-None-SharkScale-None-3-60-Unite,,,,,,,,,,,,,,,,,,
,,SharkScale,,4-50,UnderFlat,1,1,171,⬇️ 97,,,367,,27,5,1,,10,19,None-None-SharkScale-None-4-50-UnderFlat,,,,,,,,,,,,,,,,,,
,,SharkScale,,5-60,LowRush,1,1,171,⬇️ 52,,,367,,77,275,1,,7,2,None-None-SharkScale-None-5-60-LowRush,,,,,,,,,,,,,,,,,,
,,SharkScale,,1-70,LowOrb,1,1,171,⬆️ 43,,,367,,154,50,1,,5,8,None-None-SharkScale-None-1-70-LowOrb,,,,,,,,,,,,,,,,,,
,,SharkScale,,5-60,Level,1,1,171,⬇️ 52,,,367,,77,114,1,,7,6,None-None-SharkScale-None-5-60-Level,,,,,,,,,,,,,,,,,,
,,SharkScale,,3-60,Hexa,1,1,171,⬇️ 52,,,367,,169,294,1,,3,1,None-None-SharkScale-None-3-60-Hexa,,,,,,,,,,,,,,,,,,
,,SharkScale,,7-60,Kick,1,1,171,⬇️ 52,,,367,,112,117,1,,6,5,None-None-SharkScale-None-7-60-Kick,,,,,,,,,,,,,,,,,,
,,SharkScale,,8-70,LowRush,1,1,171,New,,,367,,14,275,1,,13,2,None-None-SharkScale-None-8-70-LowRush,,,,,,,,,,,,,,,,,,
,,SharkScale,,4-50,Point,1,1,171,⬆️ 43,,,367,,27,19,1,,10,13,None-None-SharkScale-None-4-50-Point,,,,,,,,,,,,,,,,,,
,,SharkScale,,4-50,LowOrb,1,1,171,New,,,367,,27,50,1,,10,8,None-None-SharkScale-None-4-50-LowOrb,,,,,,,,,,,,,,,,,,
,,SharkScale,,1-70,Hexa,1,1,171,⬆️ 43,,,367,,154,294,1,,5,1,None-None-SharkScale-None-1-70-Hexa,,,,,,,,,,,,,,,,,,
,,SharkScale,,5-60,Jolt,1,1,171,⬆️ 43,,,367,,77,33,1,,7,9,None-None-SharkScale-None-5-60-Jolt,,,,,,,,,,,,,,,,,,
,,SharkScale,,1-70,Point,1,1,171,New,,,367,,154,19,1,,5,13,None-None-SharkScale-None-1-70-Point,,,,,,,,,,,,,,,,,,
,,SharkScale,,1-80,Level,1,1,171,New,,,367,,11,114,1,,15,6,None-None-SharkScale-None-1-80-Level,,,,,,,,,,,,,,,,,,
,,SharkScale,,1-60,Jolt,1,1,171,⬇️ 111,,,367,,406,33,1,,1,9,None-None-SharkScale-None-1-60-Jolt,,,,,,,,,,,,,,,,,,
,,SharkScale,,3-60,Jolt,1,1,171,⬇️ 130,,,367,,169,33,1,,3,9,None-None-SharkScale-None-3-60-Jolt,,,,,,,,,,,,,,,,,,
,,SharkScale,,9-60,Ball,1,1,171,⬆️ 43,,,367,,266,33,1,,2,9,None-None-SharkScale-None-9-60-Ball,,,,,,,,,,,,,,,,,,
,,SharkScale,,9-60,Jolt,1,1,171,⬇️ 123,,,367,,266,33,1,,2,9,None-None-SharkScale-None-9-60-Jolt,,,,,,,,,,,,,,,,,,
,,SharkScale,,7-80,Rush,1,1,171,New,,,367,,2,228,1,,24,3,None-None-SharkScale-None-7-80-Rush,,,,,,,,,,,,,,,,,,
,,SharkScale,,8-70,FreeBall,1,1,171,New,,,367,,14,158,1,,13,4,None-None-SharkScale-None-8-70-FreeBall,,,,,,,,,,,,,,,,,,
,,SharkScale,,4-50,Vortex,1,1,171,New,,,367,,27,1,1,,10,29,None-None-SharkScale-None-4-50-Vortex,,,,,,,,,,,,,,,,,,
,,SharkScale,,3-60,LowOrb,1,1,171,⬇️ 81,,,367,,169,50,1,,3,8,None-None-SharkScale-None-3-60-LowOrb,,,,,,,,,,,,,,,,,,
,,PhoenixWing,,3-60,Wedge,1,1,171,⬆️ 43,,,66,,169,28,5,,3,11,None-None-PhoenixWing-None-3-60-Wedge,,,,,,,,,,,,,,,,,,
,,PhoenixWing,,1-50,Kick,1,1,171,New,,,66,,160,117,5,,4,5,None-None-PhoenixWing-None-1-50-Kick,,,,,,,,,,,,,,,,,,
,,PhoenixWing,,7-60,Point,1,1,171,New,,,66,,112,19,5,,6,13,None-None-PhoenixWing-None-7-60-Point,,,,,,,,,,,,,,,,,,
,,PhoenixWing,,9-60,Level,1,1,171,⬇️ 52,,,66,,266,114,5,,2,6,None-None-PhoenixWing-None-9-60-Level,,,,,,,,,,,,,,,,,,
,,PhoenixWing,,7-60,Level,1,1,171,New,,,66,,112,114,5,,6,6,None-None-PhoenixWing-None-7-60-Level,,,,,,,,,,,,,,,,,,
,,PhoenixWing,,3-60,Point,1,1,171,⬆️ 43,,,66,,169,19,5,,3,13,None-None-PhoenixWing-None-3-60-Point,,,,,,,,,,,,,,,,,,
,,PhoenixWing,,9-60,Taper,1,1,171,⬆️ 43,,,66,,266,20,5,,2,12,None-None-PhoenixWing-None-9-60-Taper,,,,,,,,,,,,,,,,,,
,,PhoenixWing,,1-60,Taper,1,1,171,New,,,66,,406,20,5,,1,12,None-None-PhoenixWing-None-1-60-Taper,,,,,,,,,,,,,,,,,,
,,PhoenixWing,,1-50,Level,1,1,171,New,,,66,,160,114,5,,4,6,None-None-PhoenixWing-None-1-50-Level,,,,,,,,,,,,,,,,,,
,,PhoenixWing,,5-60,Jolt,1,1,171,New,,,66,,77,33,5,,7,9,None-None-PhoenixWing-None-5-60-Jolt,,,,,,,,,,,,,,,,,,
,,PhoenixWing,,3-60,Jolt,1,1,171,New,,,66,,169,33,5,,3,9,None-None-PhoenixWing-None-3-60-Jolt,,,,,,,,,,,,,,,,,,
,,PhoenixWing,,7-70,Rush,1,1,171,New,,,66,,31,228,5,,9,3,None-None-PhoenixWing-None-7-70-Rush,,,,,,,,,,,,,,,,,,
,,PhoenixWing,,4-60,Rush,1,1,171,⬆️ 43,,,66,,7,228,5,,17,3,None-None-PhoenixWing-None-4-60-Rush,,,,,,,,,,,,,,,,,,
,,PhoenixWing,,3-60,Hexa,1,1,171,⬆️ 43,,,66,,169,294,5,,3,1,None-None-PhoenixWing-None-3-60-Hexa,,,,,,,,,,,,,,,,,,
,,PhoenixWing,,1-50,LowRush,1,1,171,New,,,66,,160,275,5,,4,2,None-None-PhoenixWing-None-1-50-LowRush,,,,,,,,,,,,,,,,,,
,,PhoenixWing,,3-60,FreeBall,1,1,171,New,,,66,,169,158,5,,3,4,None-None-PhoenixWing-None-3-60-FreeBall,,,,,,,,,,,,,,,,,,
,,PhoenixWing,,3-60,Taper,1,1,171,New,,,66,,169,20,5,,3,12,None-None-PhoenixWing-None-3-60-Taper,,,,,,,,,,,,,,,,,,
,,WizardRod,,3-60,FreeBall,1,1,171,⬆️ 43,,,329,,169,158,2,,3,4,None-None-WizardRod-None-3-60-FreeBall,,,,,,,,,,,,,,,,,,
,,WizardRod,,1-50,Hexa,1,1,171,⬆️ 43,,,329,,160,294,2,,4,1,None-None-WizardRod-None-1-50-Hexa,,,,,,,,,,,,,,,,,,
,,WizardRod,,1-50,Dot,1,1,171,New,,,329,,160,1,2,,4,29,None-None-WizardRod-None-1-50-Dot,,,,,,,,,,,,,,,,,,
,,WizardRod,,7-60,LowOrb,1,1,171,New,,,329,,112,50,2,,6,8,None-None-WizardRod-None-7-60-LowOrb,,,,,,,,,,,,,,,,,,
,,WizardRod,,1-50,Kick,1,1,171,⬇️ 52,,,329,,160,117,2,,4,5,None-None-WizardRod-None-1-50-Kick,,,,,,,,,,,,,,,,,,
,,WizardRod,,9-70,FreeBall,1,1,171,⬆️ 43,,,329,,20,158,2,,11,4,None-None-WizardRod-None-9-70-FreeBall,,,,,,,,,,,,,,,,,,
,,WizardRod,,9-60,Orb,1,1,171,New,,,329,,266,3,2,,2,25,None-None-WizardRod-None-9-60-Orb,,,,,,,,,,,,,,,,,,
,,WizardRod,,1-70,FreeBall,1,1,171,⬇️ 97,,,329,,154,158,2,,5,4,None-None-WizardRod-None-1-70-FreeBall,,,,,,,,,,,,,,,,,,
,,WizardRod,,7-70,Hexa,1,1,171,New,,,329,,31,294,2,,9,1,None-None-WizardRod-None-7-70-Hexa,,,,,,,,,,,,,,,,,,
,,WizardRod,,1-70,Kick,1,1,171,⬆️ 43,,,329,,154,117,2,,5,5,None-None-WizardRod-None-1-70-Kick,,,,,,,,,,,,,,,,,,
,,WizardRod,,1-80,Hexa,1,1,171,⬇️ 52,,,329,,11,294,2,,15,1,None-None-WizardRod-None-1-80-Hexa,,,,,,,,,,,,,,,,,,
,,WizardRod,,1-60,WallBall,1,1,171,⬇️ 52,,,329,,406,3,2,,1,25,None-None-WizardRod-None-1-60-WallBall,,,,,,,,,,,,,,,,,,
,,WizardRod,,1-50,LowRush,1,1,171,New,,,329,,160,275,2,,4,2,None-None-WizardRod-None-1-50-LowRush,,,,,,,,,,,,,,,,,,
,,WizardRod,,3-60,Ball,1,1,171,⬇️ 52,,,329,,169,33,2,,3,9,None-None-WizardRod-None-3-60-Ball,,,,,,,,,,,,,,,,,,
,,WizardRod,,8-70,Hexa,1,1,171,New,,,329,,14,294,2,,13,1,None-None-WizardRod-None-8-70-Hexa,,,,,,,,,,,,,,,,,,
,,WizardRod,,1-50,FreeBall,1,1,171,New,,,329,,160,158,2,,4,4,None-None-WizardRod-None-1-50-FreeBall,,,,,,,,,,,,,,,,,,
,,WizardRod,,1-60,Orb,1,1,171,New,,,329,,406,3,2,,1,25,None-None-WizardRod-None-1-60-Orb,,,,,,,,,,,,,,,,,,
,,WizardRod,,9-60,Level,1,1,171,⬆️ 43,,,329,,266,114,2,,2,6,None-None-WizardRod-None-9-60-Level,,,,,,,,,,,,,,,,,,
,,WizardRod,,7-60,LowRush,1,1,171,⬆️ 43,,,329,,112,275,2,,6,2,None-None-WizardRod-None-7-60-LowRush,,,,,,,,,,,,,,,,,,
,,WizardRod,,7-60,Ball,1,1,171,⬇️ 52,,,329,,112,33,2,,6,9,None-None-WizardRod-None-7-60-Ball,,,,,,,,,,,,,,,,,,
,,AeroPegasus,,7-70,Hexa,1,1,171,New,,,189,,31,294,3,,9,1,None-None-AeroPegasus-None-7-70-Hexa,,,,,,,,,,,,,,,,,,
,,AeroPegasus,,9-60,Point,1,1,171,New,,,189,,266,19,3,,2,13,None-None-AeroPegasus-None-9-60-Point,,,,,,,,,,,,,,,,,,
,,AeroPegasus,,1-70,FreeBall,1,1,171,New,,,189,,154,158,3,,5,4,None-None-AeroPegasus-None-1-70-FreeBall,,,,,,,,,,,,,,,,,,
,,AeroPegasus,,3-70,Kick,1,1,171,New,,,189,,9,117,3,,16,5,None-None-AeroPegasus-None-3-70-Kick,,,,,,,,,,,,,,,,,,
,,AeroPegasus,,1-50,Taper,1,1,171,New,,,189,,160,20,3,,4,12,None-None-AeroPegasus-None-1-50-Taper,,,,,,,,,,,,,,,,,,
,,AeroPegasus,,5-60,Level,1,1,171,⬆️ 43,,,189,,77,114,3,,7,6,None-None-AeroPegasus-None-5-60-Level,,,,,,,,,,,,,,,,,,
,,AeroPegasus,,7-70,Level,1,1,171,⬇️ 52,,,189,,31,114,3,,9,6,None-None-AeroPegasus-None-7-70-Level,,,,,,,,,,,,,,,,,,
,,AeroPegasus,,8-70,Kick,1,1,171,New,,,189,,14,117,3,,13,5,None-None-AeroPegasus-None-8-70-Kick,,,,,,,,,,,,,,,,,,
,,AeroPegasus,,1-60,Point,1,1,171,⬇️ 111,,,189,,406,19,3,,1,13,None-None-AeroPegasus-None-1-60-Point,,,,,,,,,,,,,,,,,,
,,AeroPegasus,,9-70,LowRush,1,1,171,New,,,189,,20,275,3,,11,2,None-None-AeroPegasus-None-9-70-LowRush,,,,,,,,,,,,,,,,,,
,,AeroPegasus,,3-60,Jolt,1,1,171,New,,,189,,169,33,3,,3,9,None-None-AeroPegasus-None-3-60-Jolt,,,,,,,,,,,,,,,,,,
,,AeroPegasus,,1-60,LowRush,1,1,171,⬇️ 149,,,189,,406,275,3,,1,2,None-None-AeroPegasus-None-1-60-LowRush,,,,,,,,,,,,,,,,,,
,,AeroPegasus,,9-60,Level,1,1,171,⬆️ 43,,,189,,266,114,3,,2,6,None-None-AeroPegasus-None-9-60-Level,,,,,,,,,,,,,,,,,,
,,AeroPegasus,,7-60,Point,1,1,171,⬆️ 43,,,189,,112,19,3,,6,13,None-None-AeroPegasus-None-7-60-Point,,,,,,,,,,,,,,,,,,
,,AeroPegasus,,3-60,Unite,1,1,171,New,,,189,,169,9,3,,3,16,None-None-AeroPegasus-None-3-60-Unite,,,,,,,,,,,,,,,,,,
,,AeroPegasus,,7-60,Kick,1,1,171,⬇️ 52,,,189,,112,117,3,,6,5,None-None-AeroPegasus-None-7-60-Kick,,,,,,,,,,,,,,,,,,
,,AeroPegasus,,9-60,FreeBall,1,1,171,⬇️ 81,,,189,,266,158,3,,2,4,None-None-AeroPegasus-None-9-60-FreeBall,,,,,,,,,,,,,,,,,,
,,AeroPegasus,,1-50,RubberAccel,1,1,171,New,,,189,,160,5,3,,4,19,None-None-AeroPegasus-None-1-50-RubberAccel,,,,,,,,,,,,,,,,,,
,,AeroPegasus,,7-60,Level,1,1,171,⬇️ 52,,,189,,112,114,3,,6,6,None-None-AeroPegasus-None-7-60-Level,,,,,,,,,,,,,,,,,,
,,AeroPegasus,,7-70,Taper,1,1,171,New,,,189,,31,20,3,,9,12,None-None-AeroPegasus-None-7-70-Taper,,,,,,,,,,,,,,,,,,
,,AeroPegasus,,1-60,Jolt,1,1,171,⬇️ 97,,,189,,406,33,3,,1,9,None-None-AeroPegasus-None-1-60-Jolt,,,,,,,,,,,,,,,,,,
,,OrochiCluster,,9-70,Unite,1,1,171,New,,,10,,20,9,18,,11,16,None-None-OrochiCluster-None-9-70-Unite,,,,,,,,,,,,,,,,,,
,,OrochiCluster,,9-60,Rush,1,1,171,New,,,10,,266,228,18,,2,3,None-None-OrochiCluster-None-9-60-Rush,,,,,,,,,,,,,,,,,,
,,OrochiCluster,,7-60,Level,1,1,171,New,,,10,,112,114,18,,6,6,None-None-OrochiCluster-None-7-60-Level,,,,,,,,,,,,,,,,,,
,,OrochiCluster,,8-70,Rush,1,1,171,New,,,10,,14,228,18,,13,3,None-None-OrochiCluster-None-8-70-Rush,,,,,,,,,,,,,,,,,,
,,OrochiCluster,,1-80,Rush,1,1,171,⬆️ 43,,,10,,11,228,18,,15,3,None-None-OrochiCluster-None-1-80-Rush,,,,,,,,,,,,,,,,,,
,,OrochiCluster,,1-60,Point,1,1,171,New,,,10,,406,19,18,,1,13,None-None-OrochiCluster-None-1-60-Point,,,,,,,,,,,,,,,,,,
,,OrochiCluster,,9-60,Elevate,1,1,171,New,,,10,,266,110,18,,2,7,None-None-OrochiCluster-None-9-60-Elevate,,,,,,,,,,,,,,,,,,
,,CrimsonGaruda,,9-60,Level,1,1,171,New,,,3,,266,114,35,,2,6,None-None-CrimsonGaruda-None-9-60-Level,,,,,,,,,,,,,,,,,,
,,CrimsonGaruda,,9-60,LowRush,1,1,171,New,,,3,,266,275,35,,2,2,None-None-CrimsonGaruda-None-9-60-LowRush,,,,,,,,,,,,,,,,,,
,,CrimsonGaruda,,7-60,Rush,1,1,171,New,,,3,,112,228,35,,6,3,None-None-CrimsonGaruda-None-7-60-Rush,,,,,,,,,,,,,,,,,,
,,ShinobiShadow,,1-60,Hexa,1,1,171,New,,,3,,406,294,35,,1,1,None-None-ShinobiShadow-None-1-60-Hexa,,,,,,,,,,,,,,,,,,
,,ShinobiShadow,,2-80,Merge,1,1,171,New,,,3,,1,4,35,,28,22,None-None-ShinobiShadow-None-2-80-Merge,,,,,,,,,,,,,,,,,,
,,ShinobiShadow,,2-70,Merge,1,1,171,New,,,3,,1,4,35,,28,22,None-None-ShinobiShadow-None-2-70-Merge,,,,,,,,,,,,,,,,,,
Metal,,Volt,Heavy,9-60,UnderFlat,1,1,171,New,,,1,91,266,5,56,1,2,19,Metal-None-Volt-Heavy-9-60-UnderFlat,,,,,,,,,,,,,,,,,,
,,HellsHammer,,1-60,Rush,1,1,171,New,,,3,,406,228,35,,1,3,None-None-HellsHammer-None-1-60-Rush,,,,,,,,,,,,,,,,,,
,,HellsHammer,,9-70,Kick,1,1,171,New,,,3,,20,117,35,,11,5,None-None-HellsHammer-None-9-70-Kick,,,,,,,,,,,,,,,,,,
,,HellsHammer,,1-50,LowRush,1,1,171,New,,,3,,160,275,35,,4,2,None-None-HellsHammer-None-1-50-LowRush,,,,,,,,,,,,,,,,,,
,,DranBuster,,1-50,LowRush,1,1,171,New,,,8,,160,275,20,,4,2,None-None-DranBuster-None-1-50-LowRush,,,,,,,,,,,,,,,,,,
,,DranBuster,,3-60,LowRush,1,1,171,New,,,8,,169,275,20,,3,2,None-None-DranBuster-None-3-60-LowRush,,,,,,,,,,,,,,,,,,
,,DranBuster,,5-60,LowFlat,1,1,171,New,,,8,,77,5,20,,7,19,None-None-DranBuster-None-5-60-LowFlat,,,,,,,,,,,,,,,,,,
,,DranBuster,,3-60,Kick,1,1,171,⬆️ 43,,,8,,169,117,20,,3,5,None-None-DranBuster-None-3-60-Kick,,,,,,,,,,,,,,,,,,
,,DranBuster,,5-60,LowRush,1,1,171,New,,,8,,77,275,20,,7,2,None-None-DranBuster-None-5-60-LowRush,,,,,,,,,,,,,,,,,,
,,DranBuster,,1-60,Accel,1,1,171,⬆️ 43,,,8,,406,1,20,,1,29,None-None-DranBuster-None-1-60-Accel,,,,,,,,,,,,,,,,,,
,,DranBuster,,2-60,Ignition,1,1,171,New,,,8,,1,10,20,,28,15,None-None-DranBuster-None-2-60-Ignition,,,,,,,,,,,,,,,,,,
,,DranBuster,,1-60,LowRush,1,1,171,New,,,8,,406,275,20,,1,2,None-None-DranBuster-None-1-60-LowRush,,,,,,,,,,,,,,,,,,
,,DranSword,,7-60,Rush,1,1,171,New,,,5,,112,228,25,,6,3,None-None-DranSword-None-7-60-Rush,,,,,,,,,,,,,,,,,,
,,DranSword,,3-80,Flat,1,1,171,New,,,5,,7,6,25,,17,17,None-None-DranSword-None-3-80-Flat,,,,,,,,,,,,,,,,,,
,,DranSword,,1-60,Rush,1,1,171,⬆️ 43,,,5,,406,228,25,,1,3,None-None-DranSword-None-1-60-Rush,,,,,,,,,,,,,,,,,,
,,DranSword,,3-60,Cyclone,1,1,171,New,,,5,,169,2,25,,3,27,None-None-DranSword-None-3-60-Cyclone,,,,,,,,,,,,,,,,,,
,,DranSword,,3-60,Flat,1,1,171,⬆️ 43,,,5,,169,6,25,,3,17,None-None-DranSword-None-3-60-Flat,,,,,,,,,,,,,,,,,,
,,HellsScythe,,9-60,FreeBall,1,1,171,New,,,5,,266,158,25,,2,4,None-None-HellsScythe-None-9-60-FreeBall,,,,,,,,,,,,,,,,,,
,,HellsScythe,,9-60,Hexa,1,1,171,New,,,5,,266,294,25,,2,1,None-None-HellsScythe-None-9-60-Hexa,,,,,,,,,,,,,,,,,,
,,HellsScythe,,6-60,UnderNeedle,1,1,171,New,,,5,,40,16,25,,8,14,None-None-HellsScythe-None-6-60-UnderNeedle,,,,,,,,,,,,,,,,,,
,,MummyCurse,,1-60,WallBall,1,1,171,New,,,16,,406,3,14,,1,25,None-None-MummyCurse-None-1-60-WallBall,,,,,,,,,,,,,,,,,,
,,MummyCurse,,9-70,LowOrb,1,1,171,New,,,16,,20,50,14,,11,8,None-None-MummyCurse-None-9-70-LowOrb,,,,,,,,,,,,,,,,,,
,,MummyCurse,,7-60,Wedge,1,1,171,⬆️ 43,,,16,,112,28,14,,6,11,None-None-MummyCurse-None-7-60-Wedge,,,,,,,,,,,,,,,,,,
,,MummyCurse,,7-60,Point,1,1,171,New,,,16,,112,19,14,,6,13,None-None-MummyCurse-None-7-60-Point,,,,,,,,,,,,,,,,,,
,,MummyCurse,,9-60,Wedge,1,1,171,⬇️ 81,,,16,,266,28,14,,2,11,None-None-MummyCurse-None-9-60-Wedge,,,,,,,,,,,,,,,,,,
,,MummyCurse,,1-50,Kick,1,1,171,⬆️ 43,,,16,,160,117,14,,4,5,None-None-MummyCurse-None-1-50-Kick,,,,,,,,,,,,,,,,,,
,,MummyCurse,,3-60,Hexa,1,1,171,New,,,16,,169,294,14,,3,1,None-None-MummyCurse-None-3-60-Hexa,,,,,,,,,,,,,,,,,,
,,MummyCurse,,1-60,Wedge,1,1,171,⬇️ 52,,,16,,406,28,14,,1,11,None-None-MummyCurse-None-1-60-Wedge,,,,,,,,,,,,,,,,,,
,,MummyCurse,,1-60,Ball,1,1,171,New,,,16,,406,33,14,,1,9,None-None-MummyCurse-None-1-60-Ball,,,,,,,,,,,,,,,,,,
,,MummyCurse,,1-70,Hexa,1,1,171,New,,,16,,154,294,14,,5,1,None-None-MummyCurse-None-1-70-Hexa,,,,,,,,,,,,,,,,,,
,,ScorpioSpear,,9-60,Ball,1,1,171,New,,,13,,266,33,16,,2,9,None-None-ScorpioSpear-None-9-60-Ball,,,,,,,,,,,,,,,,,,
,,ScorpioSpear,,0-60,Hexa,1,1,171,⬆️ 43,,,13,,4,294,16,,20,1,None-None-ScorpioSpear-None-0-60-Hexa,,,,,,,,,,,,,,,,,,
,,ScorpioSpear,,9-60,Level,1,1,171,⬆️ 43,,,13,,266,114,16,,2,6,None-None-ScorpioSpear-None-9-60-Level,,,,,,,,,,,,,,,,,,
,,ScorpioSpear,,1-70,Hexa,1,1,171,New,,,13,,154,294,16,,5,1,None-None-ScorpioSpear-None-1-70-Hexa,,,,,,,,,,,,,,,,,,
,,ScorpioSpear,,3-60,FreeBall,1,1,171,⬆️ 43,,,13,,169,158,16,,3,4,None-None-ScorpioSpear-None-3-60-FreeBall,,,,,,,,,,,,,,,,,,
,,ScorpioSpear,,0-60,Yielding,1,1,171,New,,,13,,4,4,16,,20,22,None-None-ScorpioSpear-None-0-60-Yielding,,,,,,,,,,,,,,,,,,
,,ScorpioSpear,,1-60,WallWedge,1,1,171,New,,,13,,406,1,16,,1,29,None-None-ScorpioSpear-None-1-60-WallWedge,,,,,,,,,,,,,,,,,,
,,ScorpioSpear,,9-60,Rush,1,1,171,New,,,13,,266,228,16,,2,3,None-None-ScorpioSpear-None-9-60-Rush,,,,,,,,,,,,,,,,,,
,,SphinxCowl,,5-60,FreeBall,1,1,171,New,,,2,,77,158,41,,7,4,None-None-SphinxCowl-None-5-60-FreeBall,,,,,,,,,,,,,,,,,,
,,SphinxCowl,,5-60,LowOrb,1,1,171,New,,,2,,77,50,41,,7,8,None-None-SphinxCowl-None-5-60-LowOrb,,,,,,,,,,,,,,,,,,
,,UnicornSting,,5-60,Point,1,1,171,New,,,5,,77,19,25,,7,13,None-None-UnicornSting-None-5-60-Point,,,,,,,,,,,,,,,,,,
,,PhoenixRudder,,5-80,LowOrb,1,1,171,New,,,6,,1,50,24,,28,8,None-None-PhoenixRudder-None-5-80-LowOrb,,,,,,,,,,,,,,,,,,
,,PhoenixRudder,,6-60,Wedge,1,1,171,New,,,6,,40,28,24,,8,11,None-None-PhoenixRudder-None-6-60-Wedge,,,,,,,,,,,,,,,,,,
,,PhoenixRudder,,7-55,UnderNeedle,1,1,171,New,,,6,,17,16,24,,12,14,None-None-PhoenixRudder-None-7-55-UnderNeedle,,,,,,,,,,,,,,,,,,
,,PhoenixRudder,,7-70,UnderNeedle,1,1,171,New,,,6,,31,16,24,,9,14,None-None-PhoenixRudder-None-7-70-UnderNeedle,,,,,,,,,,,,,,,,,,
,,PhoenixRudder,,1-50,UnderNeedle,1,1,171,New,,,6,,160,16,24,,4,14,None-None-PhoenixRudder-None-1-50-UnderNeedle,,,,,,,,,,,,,,,,,,
,,PhoenixRudder,,5-60,Jolt,1,1,171,New,,,6,,77,33,24,,7,9,None-None-PhoenixRudder-None-5-60-Jolt,,,,,,,,,,,,,,,,,,
Plastic,,Flare,Heavy,3-60,FreeBall,1,1,171,New,,,12,91,169,158,17,1,3,4,Plastic-None-Flare-Heavy-3-60-FreeBall,,,,,,,,,,,,,,,,,,
Plastic,,Flare,Heavy,5-60,Hexa,1,1,171,New,,,12,91,77,294,17,1,7,1,Plastic-None-Flare-Heavy-5-60-Hexa,,,,,,,,,,,,,,,,,,
Plastic,,Flare,Heavy,9-60,Hexa,1,1,171,New,,,12,91,266,294,17,1,2,1,Plastic-None-Flare-Heavy-9-60-Hexa,,,,,,,,,,,,,,,,,,
Plastic,,Flare,Free,6-60,Jolt,1,1,171,New,,,12,8,40,33,17,3,8,9,Plastic-None-Flare-Free-6-60-Jolt,,,,,,,,,,,,,,,,,,
Plastic,,Flare,Free,6-60,Point,1,1,171,New,,,12,8,40,19,17,3,8,13,Plastic-None-Flare-Free-6-60-Point,,,,,,,,,,,,,,,,,,
Plastic,,Flare,Free,9-70,FreeBall,1,1,171,New,,,12,8,20,158,17,3,11,4,Plastic-None-Flare-Free-9-70-FreeBall,,,,,,,,,,,,,,,,,,
Plastic,,Flare,Wheel,9-60,LowRush,1,1,171,⬆️ 43,,,12,22,266,275,17,2,2,2,Plastic-None-Flare-Wheel-9-60-LowRush,,,,,,,,,,,,,,,,,,
Plastic,,Flare,Wheel,7-60,Kick,1,1,171,⬆️ 43,,,12,22,112,117,17,2,6,5,Plastic-None-Flare-Wheel-7-60-Kick,,,,,,,,,,,,,,,,,,
Plastic,,Flare,Erase,7-60,Rush,1,1,171,New,,,12,4,112,228,17,7,6,3,Plastic-None-Flare-Erase-7-60-Rush,,,,,,,,,,,,,,,,,,
Plastic,,Flare,Zillion,6-60,UnderNeedle,1,1,171,New,,,12,2,40,16,17,9,8,14,Plastic-None-Flare-Zillion-6-60-UnderNeedle,,,,,,,,,,,,,,,,,,
,,CobaltDragoon,,1-70,Elevate,1,1,171,⬆️ 43,,,103,,154,110,4,,5,7,None-None-CobaltDragoon-None-1-70-Elevate,,,,,,,,,,,,,,,,,,
,,CobaltDragoon,,9-60,Level,1,1,171,New,,,103,,266,114,4,,2,6,None-None-CobaltDragoon-None-9-60-Level,,,,,,,,,,,,,,,,,,
,,CobaltDragoon,,6-60,Level,1,1,171,New,,,103,,40,114,4,,8,6,None-None-CobaltDragoon-None-6-60-Level,,,,,,,,,,,,,,,,,,
,,CobaltDragoon,,1-50,Hexa,1,1,171,New,,,103,,160,294,4,,4,1,None-None-CobaltDragoon-None-1-50-Hexa,,,,,,,,,,,,,,,,,,
,,CobaltDragoon,,9-60,LowOrb,1,1,171,New,,,103,,266,50,4,,2,8,None-None-CobaltDragoon-None-9-60-LowOrb,,,,,,,,,,,,,,,,,,
,,CobaltDragoon,,4-50,Level,1,1,171,⬆️ 43,,,103,,27,114,4,,10,6,None-None-CobaltDragoon-None-4-50-Level,,,,,,,,,,,,,,,,,,
,,CobaltDragoon,,9-60,Rush,1,1,171,New,,,103,,266,228,4,,2,3,None-None-CobaltDragoon-None-9-60-Rush,,,,,,,,,,,,,,,,,,
,,CobaltDragoon,,6-60,Elevate,1,1,171,New,,,103,,40,110,4,,8,7,None-None-CobaltDragoon-None-6-60-Elevate,,,,,,,,,,,,,,,,,,
,,ClockMirage,,9-65,FreeBall,1,1,171,New,,,31,,4,158,9,,20,4,None-None-ClockMirage-None-9-65-FreeBall,,,,,,,,,,,,,,,,,,
,,ClockMirage,,7-55,Ball,1,1,171,New,,,31,,17,33,9,,12,9,None-None-ClockMirage-None-7-55-Ball,,,,,,,,,,,,,,,,,,
,,ClockMirage,,4-55,Wedge,1,1,171,New,,,31,,12,28,9,,14,11,None-None-ClockMirage-None-4-55-Wedge,,,,,,,,,,,,,,,,,,
,,ClockMirage,,M-85,Quake,1,1,171,New,,,31,,4,6,9,,20,17,None-None-ClockMirage-None-M-85-Quake,,,,,,,,,,,,,,,,,,
,,ClockMirage,,4-55,Hexa,1,1,171,New,,,31,,12,294,9,,14,1,None-None-ClockMirage-None-4-55-Hexa,,,,,,,,,,,,,,,,,,
,,ClockMirage,,3-85,Ball,1,1,171,New,,,31,,3,33,9,,23,9,None-None-ClockMirage-None-3-85-Ball,,,,,,,,,,,,,,,,,,
,,GolemRock,,1-50,Hexa,1,1,171,New,,,27,,160,294,10,,4,1,None-None-GolemRock-None-1-50-Hexa,,,,,,,,,,,,,,,,,,
,,GolemRock,,7-60,LowRush,1,1,171,New,,,27,,112,275,10,,6,2,None-None-GolemRock-None-7-60-LowRush,,,,,,,,,,,,,,,,,,
,,GolemRock,,6-60,Wedge,1,1,171,⬇️ 52,,,27,,40,28,10,,8,11,None-None-GolemRock-None-6-60-Wedge,,,,,,,,,,,,,,,,,,
,,GolemRock,,6-60,TransPoint,1,1,171,New,,,27,,40,1,10,,8,29,None-None-GolemRock-None-6-60-TransPoint,,,,,,,,,,,,,,,,,,
,,GolemRock,,5-60,LowOrb,1,1,171,New,,,27,,77,50,10,,7,8,None-None-GolemRock-None-5-60-LowOrb,,,,,,,,,,,,,,,,,,
,,GolemRock,,4-60,Ball,1,1,171,New,,,27,,7,33,10,,17,9,None-None-GolemRock-None-4-60-Ball,,,,,,,,,,,,,,,,,,
,,GolemRock,,3-60,FreeBall,1,1,171,⬇️ 81,,,27,,169,158,10,,3,4,None-None-GolemRock-None-3-60-FreeBall,,,,,,,,,,,,,,,,,,
,,GolemRock,,8-70,Rush,1,1,171,New,,,27,,14,228,10,,13,3,None-None-GolemRock-None-8-70-Rush,,,,,,,,,,,,,,,,,,
,,GolemRock,,7-60,Kick,1,1,171,⬆️ 43,,,27,,112,117,10,,6,5,None-None-GolemRock-None-7-60-Kick,,,,,,,,,,,,,,,,,,
,,GolemRock,,7-60,FreeBall,1,1,171,New,,,27,,112,158,10,,6,4,None-None-GolemRock-None-7-60-FreeBall,,,,,,,,,,,,,,,,,,
,,GolemRock,,9-70,FreeBall,1,1,171,New,,,27,,20,158,10,,11,4,None-None-GolemRock-None-9-70-FreeBall,,,,,,,,,,,,,,,,,,
,,GolemRock,,7-70,Hexa,1,1,171,New,,,27,,31,294,10,,9,1,None-None-GolemRock-None-7-70-Hexa,,,,,,,,,,,,,,,,,,
,,GolemRock,,9-60,Ball,1,1,171,⬆️ 43,,,27,,266,33,10,,2,9,None-None-GolemRock-None-9-60-Ball,,,,,,,,,,,,,,,,,,
,,GolemRock,,9-60,Wedge,1,1,171,⬇️ 52,,,27,,266,28,10,,2,11,None-None-GolemRock-None-9-60-Wedge,,,,,,,,,,,,,,,,,,
,,GolemRock,,7-60,Hexa,1,1,171,⬆️ 43,,,27,,112,294,10,,6,1,None-None-GolemRock-None-7-60-Hexa,,,,,,,,,,,,,,,,,,
Plastic,,Blast,Heavy,3-60,Level,1,1,171,⬆️ 43,,,63,91,169,114,6,1,3,6,Plastic-None-Blast-Heavy-3-60-Level,,,,,,,,,,,,,,,,,,
Metal,,Blast,Wheel,9-60,Hexa,1,1,171,⬇️ 52,,,63,22,266,294,6,2,2,1,Metal-None-Blast-Wheel-9-60-Hexa,,,,,,,,,,,,,,,,,,
Metal,,Blast,Heavy,9-60,Kick,8,8,24,⬆️ 4,,,63,91,266,117,6,1,2,5,Metal-None-Blast-Heavy-9-60-Kick,,,,,,,,,,,,,,,,,,
Plastic,,Blast,Heavy,9-60,Kick,3,3,67,⬇️ 19,,,63,91,266,117,6,1,2,5,Plastic-None-Blast-Heavy-9-60-Kick,,,,,,,,,,,,,,,,,,
Plastic,,Blast,Heavy,1-70,Rush,1,1,171,New,,,63,91,154,228,6,1,5,3,Plastic-None-Blast-Heavy-1-70-Rush,,,,,,,,,,,,,,,,,,
Plastic,,Blast,Heavy,6-60,Jolt,1,1,171,New,,,63,91,40,33,6,1,8,9,Plastic-None-Blast-Heavy-6-60-Jolt,,,,,,,,,,,,,,,,,,
Plastic,,Blast,Wheel,1-70,Level,1,1,171,New,,,63,22,154,114,6,2,5,6,Plastic-None-Blast-Wheel-1-70-Level,,,,,,,,,,,,,,,,,,
Metal,,Blast,Wheel,9-60,Kick,1,1,171,⬆️ 43,,,63,22,266,117,6,2,2,5,Metal-None-Blast-Wheel-9-60-Kick,,,,,,,,,,,,,,,,,,
Plastic,,Blast,Wheel,1-60,Rush,1,1,171,New,,,63,22,406,228,6,2,1,3,Plastic-None-Blast-Wheel-1-60-Rush,,,,,,,,,,,,,,,,,,
Plastic,,Blast,Wheel,3-60,Level,1,1,171,New,,,63,22,169,114,6,2,3,6,Plastic-None-Blast-Wheel-3-60-Level,,,,,,,,,,,,,,,,,,
Plastic,,Blast,Wheel,7-60,Hexa,1,1,171,New,,,63,22,112,294,6,2,6,1,Plastic-None-Blast-Wheel-7-60-Hexa,,,,,,,,,,,,,,,,,,
Plastic,,Blast,Heavy,9-60,Level,1,1,171,New,,,63,91,266,114,6,1,2,6,Plastic-None-Blast-Heavy-9-60-Level,,,,,,,,,,,,,,,,,,
Plastic,,Blast,Free,9-60,Level,1,1,171,New,,,63,8,266,114,6,3,2,6,Plastic-None-Blast-Free-9-60-Level,,,,,,,,,,,,,,,,,,
Plastic,,Blast,Knuckle,1-60,LowRush,1,1,171,New,,,63,5,406,275,6,6,1,2,Plastic-None-Blast-Knuckle-1-60-LowRush,,,,,,,,,,,,,,,,,,
Plastic,,Blast,Vertical,3-60,Ignition,1,1,171,New,,,63,6,169,10,6,5,3,15,Plastic-None-Blast-Vertical-3-60-Ignition,,,,,,,,,,,,,,,,,,
,,LightningL-Drago,,3-60,LowFlat,1,1,171,New,,,2,,169,5,41,,3,19,None-None-LightningL-Drago-None-3-60-LowFlat,,,,,,,,,,,,,,,,,,
,,LightningL-Drago,,1-60,Ignition,1,1,171,New,,,2,,406,10,41,,1,15,None-None-LightningL-Drago-None-1-60-Ignition,,,,,,,,,,,,,,,,,,
Metal,,Blast,Heavy,9-60,Level,1,1,171,New,,,63,91,266,114,6,1,2,6,Metal-None-Blast-Heavy-9-60-Level,,,,,,,,,,,,,,,,,,
Metal,,Blast,Heavy,7-60,Hexa,1,1,171,New,,,63,91,112,294,6,1,6,1,Metal-None-Blast-Heavy-7-60-Hexa,,,,,,,,,,,,,,,,,,
Metal,,Blast,Heavy,6-60,Level,1,1,171,New,,,63,91,40,114,6,1,8,6,Metal-None-Blast-Heavy-6-60-Level,,,,,,,,,,,,,,,,,,
Metal,,Blast,Wheel,9-60,Level,1,1,171,New,,,63,22,266,114,6,2,2,6,Metal-None-Blast-Wheel-9-60-Level,,,,,,,,,,,,,,,,,,
Metal,,Blast,Heavy,9-60,LowRush,3,3,67,⬇️ 19,,,63,91,266,275,6,1,2,2,Metal-None-Blast-Heavy-9-60-LowRush,,,,,,,,,,,,,,,,,,
Metal,,Blast,Heavy,3-60,Rush,1,1,171,⬇️ 52,,,63,91,169,228,6,1,3,3,Metal-None-Blast-Heavy-3-60-Rush,,,,,,,,,,,,,,,,,,
Metal,,Blast,Heavy,1-60,Kick,1,1,171,New,,,63,91,406,117,6,1,1,5,Metal-None-Blast-Heavy-1-60-Kick,,,,,,,,,,,,,,,,,,
Metal,,Blast,Heavy,3-60,Unite,1,1,171,New,,,63,91,169,9,6,1,3,16,Metal-None-Blast-Heavy-3-60-Unite,,,,,,,,,,,,,,,,,,
Plastic,,Blast,Heavy,9-60,LowRush,1,1,171,⬆️ 43,,,63,91,266,275,6,1,2,2,Plastic-None-Blast-Heavy-9-60-LowRush,,,,,,,,,,,,,,,,,,
Metal,,Blast,Free,9-60,LowRush,1,1,171,New,,,63,8,266,275,6,3,2,2,Metal-None-Blast-Free-9-60-LowRush,,,,,,,,,,,,,,,,,,
Metal,,Blast,Heavy,9-60,Rush,3,3,67,⬆️ 147,,,63,91,266,228,6,1,2,3,Metal-None-Blast-Heavy-9-60-Rush,,,,,,,,,,,,,,,,,,
Plastic,,Blast,Heavy,9-60,Taper,1,1,171,New,,,63,91,266,20,6,1,2,12,Plastic-None-Blast-Heavy-9-60-Taper,,,,,,,,,,,,,,,,,,
Plastic,,Blast,Wheel,9-60,TransKick,2,2,105,New,,,63,22,266,4,6,2,2,22,Plastic-None-Blast-Wheel-9-60-TransKick,,,,,,,,,,,,,,,,,,
Metal,,Blast,Heavy,9-60,TransKick,1,1,171,New,,,63,91,266,4,6,1,2,22,Metal-None-Blast-Heavy-9-60-TransKick,,,,,,,,,,,,,,,,,,
Metal,,Blast,Jaggy,1-60,Kick,1,1,171,New,,,63,8,406,117,6,3,1,5,Metal-None-Blast-Jaggy-1-60-Kick,,,,,,,,,,,,,,,,,,
,,SilverWolf,,9-80,FreeBall,1,1,171,New,,,54,,2,158,8,,24,4,None-None-SilverWolf-None-9-80-FreeBall,,,,,,,,,,,,,,,,,,
,,SilverWolf,,7-60,FreeBall,1,1,171,⬇️ 81,,,54,,112,158,8,,6,4,None-None-SilverWolf-None-7-60-FreeBall,,,,,,,,,,,,,,,,,,
,,SilverWolf,,1-60,LowOrb,1,1,171,⬆️ 43,,,54,,406,50,8,,1,8,None-None-SilverWolf-None-1-60-LowOrb,,,,,,,,,,,,,,,,,,
,,SilverWolf,,9-70,Ball,1,1,171,⬆️ 43,,,54,,20,33,8,,11,9,None-None-SilverWolf-None-9-70-Ball,,,,,,,,,,,,,,,,,,
,,SilverWolf,,3-70,Ball,1,1,171,New,,,54,,9,33,8,,16,9,None-None-SilverWolf-None-3-70-Ball,,,,,,,,,,,,,,,,,,
,,SilverWolf,,7-60,Wedge,1,1,171,New,,,54,,112,28,8,,6,11,None-None-SilverWolf-None-7-60-Wedge,,,,,,,,,,,,,,,,,,
,,SilverWolf,,9-60,Glide,1,1,171,New,,,54,,266,1,8,,2,29,None-None-SilverWolf-None-9-60-Glide,,,,,,,,,,,,,,,,,,
,,SilverWolf,,3-60,Yielding,1,1,171,New,,,54,,169,4,8,,3,22,None-None-SilverWolf-None-3-60-Yielding,,,,,,,,,,,,,,,,,,
,,SilverWolf,,7-80,Orb,1,1,171,New,,,54,,2,3,8,,24,25,None-None-SilverWolf-None-7-80-Orb,,,,,,,,,,,,,,,,,,
,,SilverWolf,,9-80,Level,1,1,171,New,,,54,,2,114,8,,24,6,None-None-SilverWolf-None-9-80-Level,,,,,,,,,,,,,,,,,,
,,SilverWolf,,5-70,Hexa,1,1,171,New,,,54,,5,294,8,,19,1,None-None-SilverWolf-None-5-70-Hexa,,,,,,,,,,,,,,,,,,
,,SilverWolf,,9-70,FreeBall,1,1,171,⬇️ 81,,,54,,20,158,8,,11,4,None-None-SilverWolf-None-9-70-FreeBall,,,,,,,,,,,,,,,,,,
,,SilverWolf,,0-80,Hexa,1,1,171,New,,,54,,2,294,8,,24,1,None-None-SilverWolf-None-0-80-Hexa,,,,,,,,,,,,,,,,,,
,,SilverWolf,,7-70,LowOrb,1,1,171,New,,,54,,31,50,8,,9,8,None-None-SilverWolf-None-7-70-LowOrb,,,,,,,,,,,,,,,,,,
,,SilverWolf,,8-70,Point,1,1,171,New,,,54,,14,19,8,,13,13,None-None-SilverWolf-None-8-70-Point,,,,,,,,,,,,,,,,,,
,,SilverWolf,,8-70,LowOrb,1,1,171,New,,,54,,14,50,8,,13,8,None-None-SilverWolf-None-8-70-LowOrb,,,,,,,,,,,,,,,,,,
,,SharkEdge,,3-80,Quake,1,1,171,New,,,4,,7,6,30,,17,17,None-None-SharkEdge-None-3-80-Quake,,,,,,,,,,,,,,,,,,
,,SharkEdge,,9-60,Flat,1,1,171,New,,,4,,266,6,30,,2,17,None-None-SharkEdge-None-9-60-Flat,,,,,,,,,,,,,,,,,,
,,SharkEdge,,7-70,Taper,1,1,171,New,,,4,,31,20,30,,9,12,None-None-SharkEdge-None-7-70-Taper,,,,,,,,,,,,,,,,,,
,,SharkEdge,,8-70,Quake,1,1,171,New,,,4,,14,6,30,,13,17,None-None-SharkEdge-None-8-70-Quake,,,,,,,,,,,,,,,,,,
,,TyrannoBeat,,1-70,Level,1,1,171,New,,,19,,154,114,12,,5,6,None-None-TyrannoBeat-None-1-70-Level,,,,,,,,,,,,,,,,,,
,,TyrannoBeat,,7-60,Rush,1,1,171,⬆️ 43,,,19,,112,228,12,,6,3,None-None-TyrannoBeat-None-7-60-Rush,,,,,,,,,,,,,,,,,,
,,TyrannoBeat,,1-70,Quake,1,1,171,New,,,19,,154,6,12,,5,17,None-None-TyrannoBeat-None-1-70-Quake,,,,,,,,,,,,,,,,,,
,,TyrannoBeat,,7-70,Kick,1,1,171,New,,,19,,31,117,12,,9,5,None-None-TyrannoBeat-None-7-70-Kick,,,,,,,,,,,,,,,,,,
,,TyrannoBeat,,5-60,Rush,1,1,171,New,,,19,,77,228,12,,7,3,None-None-TyrannoBeat-None-5-60-Rush,,,,,,,,,,,,,,,,,,
,,TyrannoBeat,,1-70,Rush,1,1,171,⬇️ 52,,,19,,154,228,12,,5,3,None-None-TyrannoBeat-None-1-70-Rush,,,,,,,,,,,,,,,,,,
,,TyrannoBeat,,9-70,Rush,1,1,171,⬇️ 52,,,19,,20,228,12,,11,3,None-None-TyrannoBeat-None-9-70-Rush,,,,,,,,,,,,,,,,,,
,,TyrannoBeat,,1-60,Merge,1,1,171,New,,,19,,406,4,12,,1,22,None-None-TyrannoBeat-None-1-60-Merge,,,,,,,,,,,,,,,,,,
,,TyrannoBeat,,1-70,FreeBall,1,1,171,New,,,19,,154,158,12,,5,4,None-None-TyrannoBeat-None-1-70-FreeBall,,,,,,,,,,,,,,,,,,
,,TyrannoBeat,,5-60,LowRush,1,1,171,New,,,19,,77,275,12,,7,2,None-None-TyrannoBeat-None-5-60-LowRush,,,,,,,,,,,,,,,,,,
,,TyrannoBeat,,9-60,Taper,1,1,171,New,,,19,,266,20,12,,2,12,None-None-TyrannoBeat-None-9-60-Taper,,,,,,,,,,,,,,,,,,
,,TyrannoBeat,,7-70,Point,1,1,171,⬆️ 43,,,19,,31,19,12,,9,13,None-None-TyrannoBeat-None-7-70-Point,,,,,,,,,,,,,,,,,,
,,StormPegasis,,1-50,Ignition,1,1,171,New,,,1,,160,10,56,,4,15,None-None-StormPegasis-None-1-50-Ignition,,,,,,,,,,,,,,,,,,
Metal,Break,Blitz,Heavy,1-60,LowRush,1,1,171,New,,,25,91,406,275,11,1,1,2,Metal-Break-Blitz-Heavy-1-60-LowRush,,,,,,,,,,,,,,,,,,
Metal,Break,Blitz,Heavy,1-70,Kick,1,1,171,New,,,25,91,154,117,11,1,5,5,Metal-Break-Blitz-Heavy-1-70-Kick,,,,,,,,,,,,,,,,,,
Metal,Break,Blitz,Heavy,1-60,Level,1,1,171,New,,,25,91,406,114,11,1,1,6,Metal-Break-Blitz-Heavy-1-60-Level,,,,,,,,,,,,,,,,,,
Metal,Break,Blitz,Wheel,7-60,Level,1,1,171,New,,,25,22,112,114,11,2,6,6,Metal-Break-Blitz-Wheel-7-60-Level,,,,,,,,,,,,,,,,,,
,,DranzerSpiral,,8-70,UnderFlat,1,1,171,New,,,1,,14,5,56,,13,19,None-None-DranzerSpiral-None-8-70-UnderFlat,,,,,,,,,,,,,,,,,,
,,CobaltDrake,,6-70,Zap,1,1,171,New,,,1,,2,1,56,,24,29,None-None-CobaltDrake-None-6-70-Zap,,,,,,,,,,,,,,,,,,
Metal,,Flare,Heavy,9-60,Taper,1,1,171,New,,,12,91,266,20,17,1,2,12,Metal-None-Flare-Heavy-9-60-Taper,,,,,,,,,,,,,,,,,,
Metal,,Flare,Heavy,9-60,LowRush,1,1,171,New,,,12,91,266,275,17,1,2,2,Metal-None-Flare-Heavy-9-60-LowRush,,,,,,,,,,,,,,,,,,
,,TyrannoRoar,,9-70,LowRush,1,1,171,New,,,4,,20,275,30,,11,2,None-None-TyrannoRoar-None-9-70-LowRush,,,,,,,,,,,,,,,,,,
,,TyrannoRoar,,9-60,GearFlat,1,1,171,New,,,4,,266,1,30,,2,29,None-None-TyrannoRoar-None-9-60-GearFlat,,,,,,,,,,,,,,,,,,
,,TyrannoRoar,,3-60,Cyclone,1,1,171,New,,,4,,169,2,30,,3,27,None-None-TyrannoRoar-None-3-60-Cyclone,,,,,,,,,,,,,,,,,,
,,TyrannoRoar,,1-70,LowRush,1,1,171,New,,,4,,154,275,30,,5,2,None-None-TyrannoRoar-None-1-70-LowRush,,,,,,,,,,,,,,,,,,
,,RockLeone,,4-60,Jolt,1,1,171,New,,,3,,7,33,35,,17,9,None-None-RockLeone-None-4-60-Jolt,,,,,,,,,,,,,,,,,,
,,RockLeone,,1-60,LowRush,1,1,171,New,,,3,,406,275,35,,1,2,None-None-RockLeone-None-1-60-LowRush,,,,,,,,,,,,,,,,,,
,,RockLeone,,7-60,LowRush,1,1,171,New,,,3,,112,275,35,,6,2,None-None-RockLeone-None-7-60-LowRush,,,,,,,,,,,,,,,,,,
,,MammothTusk,,9-60,LowOrb,1,1,171,New,,,2,,266,50,41,,2,8,None-None-MammothTusk-None-9-60-LowOrb,,,,,,,,,,,,,,,,,,
,,MammothTusk,,9-65,WallBall,1,1,171,New,,,2,,4,3,41,,20,25,None-None-MammothTusk-None-9-65-WallBall,,,,,,,,,,,,,,,,,,
,,OptimusPrimal,,3-70,UnderFlat,1,1,171,New,,,2,,9,5,41,,16,19,None-None-OptimusPrimal-None-3-70-UnderFlat,,,,,,,,,,,,,,,,,,
,,OptimusPrimal,,3-60,UnderFlat,1,1,171,New,,,2,,169,5,41,,3,19,None-None-OptimusPrimal-None-3-60-UnderFlat,,,,,,,,,,,,,,,,,,
,,HoverWyvern,,9-60,LowRush,1,1,171,⬆️ 43,,,8,,266,275,20,,2,2,None-None-HoverWyvern-None-9-60-LowRush,,,,,,,,,,,,,,,,,,
,,HoverWyvern,,9-60,Kick,1,1,171,⬇️ 132,,,8,,266,117,20,,2,5,None-None-HoverWyvern-None-9-60-Kick,,,,,,,,,,,,,,,,,,
,,HoverWyvern,,1-50,Kick,1,1,171,New,,,8,,160,117,20,,4,5,None-None-HoverWyvern-None-1-50-Kick,,,,,,,,,,,,,,,,,,
,,HoverWyvern,,3-60,Hexa,1,1,171,New,,,8,,169,294,20,,3,1,None-None-HoverWyvern-None-3-60-Hexa,,,,,,,,,,,,,,,,,,
,,HoverWyvern,,9-60,Jolt,1,1,171,⬆️ 43,,,8,,266,33,20,,2,9,None-None-HoverWyvern-None-9-60-Jolt,,,,,,,,,,,,,,,,,,
,,HoverWyvern,,3-80,LowRush,1,1,171,New,,,8,,7,275,20,,17,2,None-None-HoverWyvern-None-3-80-LowRush,,,,,,,,,,,,,,,,,,
Plastic,Break,Blitz,Heavy,7-60,Rush,1,1,171,New,,,25,91,112,228,11,1,6,3,Plastic-Break-Blitz-Heavy-7-60-Rush,,,,,,,,,,,,,,,,,,
Plastic,Break,Blitz,Heavy,1-60,LowRush,1,1,171,New,,,25,91,406,275,11,1,1,2,Plastic-Break-Blitz-Heavy-1-60-LowRush,,,,,,,,,,,,,,,,,,
Plastic,Break,Blitz,Knuckle,7-60,Level,1,1,171,New,,,25,5,112,114,11,6,6,6,Plastic-Break-Blitz-Knuckle-7-60-Level,,,,,,,,,,,,,,,,,,
Plastic,Break,Blitz,Knuckle,4-50,LowRush,1,1,171,New,,,25,5,27,275,11,6,10,2,Plastic-Break-Blitz-Knuckle-4-50-LowRush,,,,,,,,,,,,,,,,,,
Plastic,Break,Blitz,Knuckle,7-60,FreeBall,1,1,171,New,,,25,5,112,158,11,6,6,4,Plastic-Break-Blitz-Knuckle-7-60-FreeBall,,,,,,,,,,,,,,,,,,
Plastic,Break,Blitz,Jaggy,9-60,Rush,1,1,171,New,,,25,8,266,228,11,3,2,3,Plastic-Break-Blitz-Jaggy-9-60-Rush,,,,,,,,,,,,,,,,,,
Metal,Guard,Fortress,Wheel,9-60,LowRush,1,1,171,New,,,15,22,266,275,15,2,2,2,Metal-Guard-Fortress-Wheel-9-60-LowRush,,,,,,,,,,,,,,,,,,
Metal,Guard,Fortress,Vertical,8-70,Hexa,1,1,171,New,,,15,6,14,294,15,5,13,1,Metal-Guard-Fortress-Vertical-8-70-Hexa,,,,,,,,,,,,,,,,,,
Metal,Guard,Fortress,Heavy,7-60,LowOrb,1,1,171,New,,,15,91,112,50,15,1,6,8,Metal-Guard-Fortress-Heavy-7-60-LowOrb,,,,,,,,,,,,,,,,,,
Metal,Guard,Fortress,Jaggy,6-60,Hexa,1,1,171,New,,,15,8,40,294,15,3,8,1,Metal-Guard-Fortress-Jaggy-6-60-Hexa,,,,,,,,,,,,,,,,,,
,,WeissTiger,,6-60,Kick,1,1,171,New,,,5,,40,117,25,,8,5,None-None-WeissTiger-None-6-60-Kick,,,,,,,,,,,,,,,,,,
,,WeissTiger,,3-70,UnderNeedle,1,1,171,New,,,5,,9,16,25,,16,14,None-None-WeissTiger-None-3-70-UnderNeedle,,,,,,,,,,,,,,,,,,
,,WeissTiger,,1-50,Jolt,1,1,171,New,,,5,,160,33,25,,4,9,None-None-WeissTiger-None-1-50-Jolt,,,,,,,,,,,,,,,,,,
,,WeissTiger,,6-60,LowRush,1,1,171,New,,,5,,40,275,25,,8,2,None-None-WeissTiger-None-6-60-LowRush,,,,,,,,,,,,,,,,,,
,,WeissTiger,,3-60,FreeBall,1,1,171,New,,,5,,169,158,25,,3,4,None-None-WeissTiger-None-3-60-FreeBall,,,,,,,,,,,,,,,,,,
Metal,,Hunt,Slash,1-50,Level,1,1,171,New,,,2,4,160,114,41,7,4,6,Metal-None-Hunt-Slash-1-50-Level,,,,,,,,,,,,,,,,,,
,,WhaleWave,,9-60,Kick,1,1,171,New,,,4,,266,117,30,,2,5,None-None-WhaleWave-None-9-60-Kick,,,,,,,,,,,,,,,,,,
,,WhaleWave,,6-60,Hexa,1,1,171,New,,,4,,40,294,30,,8,1,None-None-WhaleWave-None-6-60-Hexa,,,,,,,,,,,,,,,,,,
,,WhaleWave,,4-60,Hexa,1,1,171,New,,,4,,7,294,30,,17,1,None-None-WhaleWave-None-4-60-Hexa,,,,,,,,,,,,,,,,,,
,,WhaleWave,,1-70,Rush,1,1,171,New,,,4,,154,228,30,,5,3,None-None-WhaleWave-None-1-70-Rush,,,,,,,,,,,,,,,,,,
,,KnightMail,,6-60,Level,1,1,171,New,,,9,,40,114,19,,8,6,None-None-KnightMail-None-6-60-Level,,,,,,,,,,,,,,,,,,
,,KnightMail,,1-60,Flat,1,1,171,New,,,9,,406,6,19,,1,17,None-None-KnightMail-None-1-60-Flat,,,,,,,,,,,,,,,,,,
,,KnightMail,,7-60,Rush,1,1,171,New,,,9,,112,228,19,,6,3,None-None-KnightMail-None-7-60-Rush,,,,,,,,,,,,,,,,,,
,,KnightMail,,7-70,Wedge,1,1,171,New,,,9,,31,28,19,,9,11,None-None-KnightMail-None-7-70-Wedge,,,,,,,,,,,,,,,,,,
,,KnightMail,,9-60,Point,1,1,171,New,,,9,,266,19,19,,2,13,None-None-KnightMail-None-9-60-Point,,,,,,,,,,,,,,,,,,
,,KnightMail,,1-60,Jolt,1,1,171,New,,,9,,406,33,19,,1,9,None-None-KnightMail-None-1-60-Jolt,,,,,,,,,,,,,,,,,,
,,KnightMail,,9-65,Ball,1,1,171,New,,,9,,4,33,19,,20,9,None-None-KnightMail-None-9-65-Ball,,,,,,,,,,,,,,,,,,
Plastic,Flow,Rage,Heavy,9-60,Kick,1,1,171,New,,,17,91,266,117,13,1,2,5,Plastic-Flow-Rage-Heavy-9-60-Kick,,,,,,,,,,,,,,,,,,
Plastic,Flow,Rage,Heavy,1-50,Rush,1,1,171,New,,,17,91,160,228,13,1,4,3,Plastic-Flow-Rage-Heavy-1-50-Rush,,,,,,,,,,,,,,,,,,
Plastic,Flow,Rage,Jaggy,1-60,Rush,1,1,171,New,,,17,8,406,228,13,3,1,3,Plastic-Flow-Rage-Jaggy-1-60-Rush,,,,,,,,,,,,,,,,,,
Plastic,Flow,Rage,Jaggy,1-60,Kick,1,1,171,New,,,17,8,406,117,13,3,1,5,Plastic-Flow-Rage-Jaggy-1-60-Kick,,,,,,,,,,,,,,,,,,
Metal,,Fang,Erase,1-70,Kick,1,1,171,New,,,2,4,154,117,41,7,5,5,Metal-None-Fang-Erase-1-70-Kick,,,,,,,,,,,,,,,,,,
Metal,,Fang,Heavy,4-50,LowRush,1,1,171,New,,,2,91,27,275,41,1,10,2,Metal-None-Fang-Heavy-4-50-LowRush,,,,,,,,,,,,,,,,,,
Plastic,,Hunt,Vertical,3-60,Rush,1,1,171,New,,,2,6,169,228,41,5,3,3,Plastic-None-Hunt-Vertical-3-60-Rush,,,,,,,,,,,,,,,,,,
Plastic,Guard,Fortress,Free,8-70,Hexa,1,1,171,New,,,15,8,14,294,15,3,13,1,Plastic-Guard-Fortress-Free-8-70-Hexa,,,,,,,,,,,,,,,,,,
Plastic,Guard,Fortress,Vertical,1-60,Rush,1,1,171,New,,,15,6,406,228,15,5,1,3,Plastic-Guard-Fortress-Vertical-1-60-Rush,,,,,,,,,,,,,,,,,,
Plastic,Guard,Fortress,Vertical,8-70,Hexa,1,1,171,New,,,15,6,14,294,15,5,13,1,Plastic-Guard-Fortress-Vertical-8-70-Hexa,,,,,,,,,,,,,,,,,,
Plastic,Guard,Fortress,Wheel,7-60,Rush,1,1,171,New,,,15,22,112,228,15,2,6,3,Plastic-Guard-Fortress-Wheel-7-60-Rush,,,,,,,,,,,,,,,,,,
Plastic,Guard,Fortress,Wheel,9-60,FreeBall,1,1,171,New,,,15,22,266,158,15,2,2,4,Plastic-Guard-Fortress-Wheel-9-60-FreeBall,,,,,,,,,,,,,,,,,,
Plastic,Guard,Fortress,Heavy,7-60,Hexa,1,1,171,New,,,15,91,112,294,15,1,6,1,Plastic-Guard-Fortress-Heavy-7-60-Hexa,,,,,,,,,,,,,,,,,,
Plastic,Guard,Fortress,Heavy,1-60,LowRush,1,1,171,New,,,15,91,406,275,15,1,1,2,Plastic-Guard-Fortress-Heavy-1-60-LowRush,,,,,,,,,,,,,,,,,,
Plastic,Guard,Fortress,Heavy,9-60,FreeBall,1,1,171,New,,,15,91,266,158,15,1,2,4,Plastic-Guard-Fortress-Heavy-9-60-FreeBall,,,,,,,,,,,,,,,,,,
Plastic,Guard,Fortress,Erase,9-60,Unite,1,1,171,New,,,15,4,266,9,15,7,2,16,Plastic-Guard-Fortress-Erase-9-60-Unite,,,,,,,,,,,,,,,,,,
Plastic,Break,Hornet,Heavy,3-60,Kick,1,1,171,New,,,2,91,169,117,41,1,3,5,Plastic-Break-Hornet-Heavy-3-60-Kick,,,,,,,,,,,,,,,,,,
Metal,,Might,Heavy,7-70,Level,1,1,171,New,,,4,91,31,114,30,1,9,6,Metal-None-Might-Heavy-7-70-Level,,,,,,,,,,,,,,,,,,
Plastic,,Might,Wheel,3-70,Kick,1,1,171,New,,,4,22,9,117,30,2,16,5,Plastic-None-Might-Wheel-3-70-Kick,,,,,,,,,,,,,,,,,,
Plastic,,Might,Wheel,3-60,Kick,1,1,171,New,,,4,22,169,117,30,2,3,5,Plastic-None-Might-Wheel-3-60-Kick,,,,,,,,,,,,,,,,,,
Plastic,,Might,Vertical,7-60,FreeBall,1,1,171,New,,,4,6,112,158,30,5,6,4,Plastic-None-Might-Vertical-7-60-FreeBall,,,,,,,,,,,,,,,,,,
Plastic,,Hornet,Massive,6-70,Taper,1,1,171,New,,,2,2,2,20,41,9,24,12,Plastic-None-Hornet-Massive-6-70-Taper,,,,,,,,,,,,,,,,,,
,,SamuraiSaber,,6-60,Level,1,1,171,New,,,5,,40,114,25,,8,6,None-None-SamuraiSaber-None-6-60-Level,,,,,,,,,,,,,,,,,,
,,SamuraiSaber,,1-60,LowRush,1,1,171,New,,,5,,406,275,25,,1,2,None-None-SamuraiSaber-None-1-60-LowRush,,,,,,,,,,,,,,,,,,
,,SamuraiSaber,,3-60,FreeBall,1,1,171,New,,,5,,169,158,25,,3,4,None-None-SamuraiSaber-None-3-60-FreeBall,,,,,,,,,,,,,,,,,,
,,SamuraiSaber,,9-60,Level,1,1,171,New,,,5,,266,114,25,,2,6,None-None-SamuraiSaber-None-9-60-Level,,,,,,,,,,,,,,,,,,
,,SamuraiSaber,,1-80,Hexa,1,1,171,New,,,5,,11,294,25,,15,1,None-None-SamuraiSaber-None-1-80-Hexa,,,,,,,,,,,,,,,,,,
,,SamuraiCalibur,,4-50,Unite,1,1,171,New,,,8,,27,9,20,,10,16,None-None-SamuraiCalibur-None-4-50-Unite,,,,,,,,,,,,,,,,,,
,,SamuraiCalibur,,9-60,Level,1,1,171,New,,,8,,266,114,20,,2,6,None-None-SamuraiCalibur-None-9-60-Level,,,,,,,,,,,,,,,,,,
,,SamuraiCalibur,,9-60,Wedge,1,1,171,New,,,8,,266,28,20,,2,11,None-None-SamuraiCalibur-None-9-60-Wedge,,,,,,,,,,,,,,,,,,
,,SamuraiCalibur,,3-60,LowRush,1,1,171,New,,,8,,169,275,20,,3,2,None-None-SamuraiCalibur-None-3-60-LowRush,,,,,,,,,,,,,,,,,,
,,SamuraiCalibur,,4-50,Hexa,1,1,171,New,,,8,,27,294,20,,10,1,None-None-SamuraiCalibur-None-4-50-Hexa,,,,,,,,,,,,,,,,,,
,,SamuraiCalibur,,1-60,Ball,1,1,171,New,,,8,,406,33,20,,1,9,None-None-SamuraiCalibur-None-1-60-Ball,,,,,,,,,,,,,,,,,,
,,SamuraiCalibur,,1-60,FreeBall,1,1,171,New,,,8,,406,158,20,,1,4,None-None-SamuraiCalibur-None-1-60-FreeBall,,,,,,,,,,,,,,,,,,
,,SamuraiCalibur,,1-50,Kick,1,1,171,New,,,8,,160,117,20,,4,5,None-None-SamuraiCalibur-None-1-50-Kick,,,,,,,,,,,,,,,,,,
,,XenoXcalibur,,1-50,Jolt,1,1,171,New,,,2,,160,33,41,,4,9,None-None-XenoXcalibur-None-1-50-Jolt,,,,,,,,,,,,,,,,,,
,,XenoXcalibur,,3-70,UnderNeedle,1,1,171,New,,,2,,9,16,41,,16,14,None-None-XenoXcalibur-None-3-70-UnderNeedle,,,,,,,,,,,,,,,,,,
,,PteraSwing,,9-70,Kick,1,1,171,New,,,2,,20,117,41,,11,5,None-None-PteraSwing-None-9-70-Kick,,,,,,,,,,,,,,,,,,
,,PteraSwing,,7-60,Jolt,1,1,171,New,,,2,,112,33,41,,6,9,None-None-PteraSwing-None-7-60-Jolt,,,,,,,,,,,,,,,,,,
,,TriceraPress,,M-85,LowFlat,1,1,171,New,,,2,,4,5,41,,20,19,None-None-TriceraPress-None-M-85-LowFlat,,,,,,,,,,,,,,,,,,
,,TriceraPress,,M-85,RubberAccel,1,1,171,New,,,2,,4,5,41,,20,19,None-None-TriceraPress-None-M-85-RubberAccel,,,,,,,,,,,,,,,,,,
,,OptimusPrime,,1-80,Wedge,1,1,171,New,,,1,,11,28,56,,15,11,None-None-OptimusPrime-None-1-80-Wedge,,,,,,,,,,,,,,,,,,
Metal,Flow,Rage,Heavy,7-60,LowRush,1,1,171,New,,,17,91,112,275,13,1,6,2,Metal-Flow-Rage-Heavy-7-60-LowRush,,,,,,,,,,,,,,,,,,
Metal,Flow,Rage,Heavy,9-60,Kick,1,1,171,New,,,17,91,266,117,13,1,2,5,Metal-Flow-Rage-Heavy-9-60-Kick,,,,,,,,,,,,,,,,,,
Metal,Flow,Rage,Heavy,7-70,LowRush,1,1,171,New,,,17,91,31,275,13,1,9,2,Metal-Flow-Rage-Heavy-7-70-LowRush,,,,,,,,,,,,,,,,,,
Metal,Flow,Rage,Erase,1-50,Kick,1,1,171,New,,,17,4,160,117,13,7,4,5,Metal-Flow-Rage-Erase-1-50-Kick,,,,,,,,,,,,,,,,,,
,,PhoenixFeather,,1-60,LowRush,1,1,171,New,,,2,,406,275,41,,1,2,None-None-PhoenixFeather-None-1-60-LowRush,,,,,,,,,,,,,,,,,,
,,PhoenixFeather,,3-60,Level,1,1,171,⬆️ 43,,,2,,169,114,41,,3,6,None-None-PhoenixFeather-None-3-60-Level,,,,,,,,,,,,,,,,,,
Metal,,Eclipse,Heavy,4-50,TransKick,1,1,171,New,,,7,91,27,4,23,1,10,22,Metal-None-Eclipse-Heavy-4-50-TransKick,,,,,,,,,,,,,,,,,,
Metal,,Eclipse,Heavy,9-60,Jolt,1,1,171,⬆️ 43,,,7,91,266,33,23,1,2,9,Metal-None-Eclipse-Heavy-9-60-Jolt,,,,,,,,,,,,,,,,,,
Metal,,Eclipse,Knuckle,1-50,Jolt,1,1,171,New,,,7,5,160,33,23,6,4,9,Metal-None-Eclipse-Knuckle-1-50-Jolt,,,,,,,,,,,,,,,,,,
Metal,,Eclipse,Dual,1-60,Hexa,1,1,171,New,,,7,2,406,294,23,9,1,1,Metal-None-Eclipse-Dual-1-60-Hexa,,,,,,,,,,,,,,,,,,
Metal,,Eclipse,Turn,1-70,Hexa,1,1,171,New,,,7,1,154,294,23,13,5,1,Metal-None-Eclipse-Turn-1-70-Hexa,,,,,,,,,,,,,,,,,,
,,GhostCircle,,9-65,Ignition,1,1,171,New,,,3,,4,10,35,,20,15,None-None-GhostCircle-None-9-65-Ignition,,,,,,,,,,,,,,,,,,
Plastic,,Brush,Assault,3-85,Merge,1,1,171,New,,,1,2,3,4,56,9,23,22,Plastic-None-Brush-Assault-3-85-Merge,,,,,,,,,,,,,,,,,,
,,WizardArrow,,M-85,Quake,1,1,171,New,,,1,,4,6,56,,20,17,None-None-WizardArrow-None-M-85-Quake,,,,,,,,,,,,,,,,,,
,,ShinobiKnife,,3-85,Elevate,1,1,171,New,,,1,,3,110,56,,23,7,None-None-ShinobiKnife-None-3-85-Elevate,,,,,,,,,,,,,,,,,,
Plastic,,Arc,Slash,9-60,FreeBall,1,1,171,New,,,1,4,266,158,56,7,2,4,Plastic-None-Arc-Slash-9-60-FreeBall,,,,,,,,,,,,,,,,,,
Metal,,Brave,Assault,1-60,LowRush,1,1,171,New,,,3,2,406,275,35,9,1,2,Metal-None-Brave-Assault-1-60-LowRush,,,,,,,,,,,,,,,,,,
Plastic,,Brave,Slash,3-60,Level,1,1,171,New,,,3,4,169,114,35,7,3,6,Plastic-None-Brave-Slash-3-60-Level,,,,,,,,,,,,,,,,,,
Plastic,,Brave,Slash,3-60,LowRush,1,1,171,New,,,3,4,169,275,35,7,3,2,Plastic-None-Brave-Slash-3-60-LowRush,,,,,,,,,,,,,,,,,,
Plastic,,Eclipse,Dual,1-60,LowRush,1,1,171,New,,,7,2,406,275,23,9,1,2,Plastic-None-Eclipse-Dual-1-60-LowRush,,,,,,,,,,,,,,,,,,
Plastic,,Eclipse,Massive,5-60,HighTaper,1,1,171,New,,,7,2,77,1,23,9,7,29,Plastic-None-Eclipse-Massive-5-60-HighTaper,,,,,,,,,,,,,,,,,,
Plastic,,Stag,Wheel,3-60,Hexa,1,1,171,New,,,1,22,169,294,56,2,3,1,Plastic-None-Stag-Wheel-3-60-Hexa,,,,,,,,,,,,,,,,,,
,,ImpactDrake,,9-60,LowRush,1,1,171,⬇️ 52,,,4,,266,275,30,,2,2,None-None-ImpactDrake-None-9-60-LowRush,,,,,,,,,,,,,,,,,,
,,ImpactDrake,,3-60,Rush,1,1,171,New,,,4,,169,228,30,,3,3,None-None-ImpactDrake-None-3-60-Rush,,,,,,,,,,,,,,,,,,
,,ImpactDrake,,4-70,Flat,1,1,171,New,,,4,,1,6,30,,28,17,None-None-ImpactDrake-None-4-70-Flat,,,,,,,,,,,,,,,,,,
,,ImpactDrake,,7-70,Rush,1,1,171,New,,,4,,31,228,30,,9,3,None-None-ImpactDrake-None-7-70-Rush,,,,,,,,,,,,,,,,,,
,,ShelterDrake,,9-60,Rush,1,1,171,New,,,2,,266,228,41,,2,3,None-None-ShelterDrake-None-9-60-Rush,,,,,,,,,,,,,,,,,,
,,ShelterDrake,,6-60,Ball,1,1,171,New,,,2,,40,33,41,,8,9,None-None-ShelterDrake-None-6-60-Ball,,,,,,,,,,,,,,,,,,
,,KnightShield,,1-60,GearBall,1,1,171,New,,,2,,406,2,41,,1,27,None-None-KnightShield-None-1-60-GearBall,,,,,,,,,,,,,,,,,,
,,KnightShield,,1-60,Wedge,1,1,171,New,,,2,,406,28,41,,1,11,None-None-KnightShield-None-1-60-Wedge,,,,,,,,,,,,,,,,,,
,,HellsChain,,4-50,LowRush,1,1,171,New,,,2,,27,275,41,,10,2,None-None-HellsChain-None-4-50-LowRush,,,,,,,,,,,,,,,,,,
,,HellsChain,,1-60,Wedge,1,1,171,New,,,2,,406,28,41,,1,11,None-None-HellsChain-None-1-60-Wedge,,,,,,,,,,,,,,,,,,
,,MoffGideon,,9-60,Point,1,1,171,New,,,1,,266,19,56,,2,13,None-None-MoffGideon-None-9-60-Point,,,,,,,,,,,,,,,,,,
,,CrocCrunch,,3-60,Rush,1,1,171,New,,,1,,169,228,56,,3,3,None-None-CrocCrunch-None-3-60-Rush,,,,,,,,,,,,,,,,,,
Metal,Break,Fortress,Heavy,1-50,Rush,1,1,171,New,,,15,91,160,228,15,1,4,3,Metal-Break-Fortress-Heavy-1-50-Rush,,,,,,,,,,,,,,,,,,
,,BlackShell,,3-60,LowFlat,1,1,171,New,,,1,,169,5,56,,3,19,None-None-BlackShell-None-3-60-LowFlat,,,,,,,,,,,,,,,,,,
,,DranDagger,,1-50,Ignition,1,1,171,New,,,2,,160,10,41,,4,15,None-None-DranDagger-None-1-50-Ignition,,,,,,,,,,,,,,,,,,
,,DranDagger,,4-60,Rush,1,1,171,New,,,2,,7,228,41,,17,3,None-None-DranDagger-None-4-60-Rush,,,,,,,,,,,,,,,,,,
Plastic,,Flame,Zillion,0-80,GearBall,1,1,171,New,,,1,2,2,2,56,9,24,27,Plastic-None-Flame-Zillion-0-80-GearBall,,,,,,,,,,,,,,,,,,
Plastic,Flow,Fortress,Heavy,3-60,Hexa,1,1,171,New,,,15,91,169,294,15,1,3,1,Plastic-Flow-Fortress-Heavy-3-60-Hexa,,,,,,,,,,,,,,,,,,
Plastic,Flow,Blitz,Heavy,1-60,LowRush,1,1,171,New,,,25,91,406,275,11,1,1,2,Plastic-Flow-Blitz-Heavy-1-60-LowRush,,,,,,,,,,,,,,,,,,
Plastic,Break,Rage,Jaggy,3-60,Point,1,1,171,New,,,17,8,169,19,13,3,3,13,Plastic-Break-Rage-Jaggy-3-60-Point,,,,,,,,,,,,,,,,,,